"ward_code","jan_2020","feb_2020","mar_2020","apr_2020","may_2020","jun_2020","jul_2020","aug_2020","sept_2020","oct_2020","nov_2020","dec_2020"
"E05000026",30,28,25,6,12,13,11,10,21,21,17,26
"E05000027",2,1,1,1,1,NA,3,1,1,3,2,2
"E05000028",1,1,2,2,2,1,NA,1,NA,1,3,2
"E05000029",NA,NA,NA,NA,2,NA,2,NA,NA,NA,2,NA
"E05000030",3,NA,NA,1,NA,1,NA,3,3,1,NA,2
"E05000031",4,NA,4,2,1,NA,1,1,NA,3,1,NA
"E05000032",NA,NA,2,NA,2,3,2,1,4,3,2,1
"E05000033",1,2,5,NA,NA,1,NA,1,NA,1,2,NA
"E05000034",1,NA,1,NA,1,2,1,NA,NA,1,1,1
"E05000035",3,4,NA,NA,4,2,3,3,1,3,1,NA
"E05000036",3,3,2,1,1,NA,1,1,NA,1,NA,NA
"E05000037",NA,NA,2,NA,1,NA,NA,1,1,1,NA,NA
"E05000038",3,NA,1,1,NA,3,3,NA,2,3,6,4
"E05000039",2,1,2,1,5,NA,3,1,NA,1,1,1
"E05000040",NA,NA,3,NA,NA,NA,NA,1,2,NA,2,NA
"E05000041",2,2,3,2,1,1,1,3,NA,2,1,1
"E05000042",NA,NA,1,1,NA,NA,1,1,1,1,1,3
"E05000043",1,NA,1,NA,NA,NA,NA,NA,NA,NA,NA,2
"E05000044",1,1,2,NA,NA,NA,1,1,NA,NA,7,2
"E05000045",5,5,5,NA,2,2,NA,4,6,5,7,11
"E05000046",1,1,1,2,1,NA,1,2,NA,NA,2,1
"E05000047",2,4,2,NA,1,NA,1,1,2,NA,2,2
"E05000048",2,NA,1,NA,NA,1,1,NA,NA,NA,1,NA
"E05000049",1,4,NA,2,1,3,NA,1,2,3,NA,1
"E05000050",7,7,4,NA,1,2,6,4,5,5,3,6
"E05000051",3,NA,NA,NA,NA,2,NA,1,NA,NA,1,NA
"E05000052",2,1,5,1,NA,1,2,1,1,1,2,1
"E05000053",2,2,1,NA,1,1,3,1,2,1,1,1
"E05000054",2,1,NA,NA,NA,2,NA,1,NA,NA,1,1
"E05000055",1,8,4,2,NA,NA,1,1,3,2,1,NA
"E05000056",2,6,1,2,1,2,4,2,2,4,NA,4
"E05000057",3,2,NA,1,NA,NA,NA,2,1,NA,NA,2
"E05000058",1,NA,3,2,1,NA,2,NA,NA,3,2,NA
"E05000059",2,1,1,NA,1,2,2,2,NA,1,2,2
"E05000060",NA,1,1,NA,1,NA,NA,NA,NA,1,NA,1
"E05000061",3,10,3,2,NA,1,3,3,5,4,3,4
"E05000062",14,17,7,NA,1,4,28,30,4,9,4,7
"E05000063",3,5,5,NA,2,2,3,2,2,4,3,4
"E05000085",3,1,1,NA,NA,NA,2,1,NA,2,1,1
"E05000086",3,3,5,NA,NA,NA,NA,1,2,1,1,2
"E05000087",1,2,2,3,NA,1,1,NA,1,2,2,1
"E05000088",2,3,1,2,1,1,1,NA,2,NA,NA,NA
"E05000089",1,3,2,2,1,1,2,2,2,1,NA,2
"E05000090",3,2,1,NA,NA,1,NA,1,1,3,2,1
"E05000091",7,5,11,NA,1,2,7,7,6,6,6,3
"E05000092",1,1,1,1,1,3,5,2,5,5,2,5
"E05000093",1,NA,1,NA,NA,NA,1,NA,1,NA,NA,1
"E05000094",5,7,3,NA,4,6,5,4,6,10,4,5
"E05000095",1,4,2,1,1,2,6,5,2,1,4,5
"E05000096",2,4,1,1,NA,NA,1,1,NA,NA,NA,2
"E05000097",NA,1,3,NA,NA,NA,NA,3,NA,NA,2,1
"E05000098",4,1,5,NA,2,1,2,3,1,2,3,1
"E05000099",3,2,2,4,NA,1,NA,1,1,2,1,3
"E05000100",3,3,NA,NA,3,2,1,3,NA,4,3,1
"E05000101",1,2,1,1,1,NA,1,NA,1,1,NA,2
"E05000102",8,18,9,1,1,1,5,6,7,10,4,3
"E05000103",1,1,NA,NA,2,NA,NA,NA,NA,NA,2,1
"E05000104",7,9,9,1,4,4,8,12,9,17,16,23
"E05000105",5,4,5,NA,1,3,1,2,4,4,2,3
"E05000106",NA,2,NA,NA,1,NA,NA,1,NA,NA,NA,1
"E05000107",NA,NA,NA,NA,NA,1,NA,NA,NA,1,NA,NA
"E05000108",1,NA,1,NA,NA,NA,NA,1,NA,1,1,NA
"E05000109",13,14,15,3,1,6,19,26,16,33,5,20
"E05000110",NA,NA,NA,NA,NA,NA,NA,1,NA,NA,NA,NA
"E05000111",1,1,NA,NA,NA,NA,1,1,1,NA,1,NA
"E05000112",NA,NA,NA,1,NA,1,NA,NA,NA,1,NA,1
"E05000113",NA,NA,1,1,NA,NA,NA,1,2,3,NA,NA
"E05000114",1,NA,1,1,NA,2,NA,1,NA,NA,NA,1
"E05000115",NA,NA,NA,NA,NA,NA,NA,NA,1,NA,NA,NA
"E05000116",1,1,3,1,1,NA,2,1,6,2,1,NA
"E05000117",NA,NA,NA,NA,NA,NA,NA,NA,NA,1,NA,NA
"E05000118",1,NA,1,NA,NA,NA,NA,NA,1,NA,NA,NA
"E05000119",1,NA,NA,NA,NA,1,NA,NA,NA,NA,NA,NA
"E05000120",NA,1,NA,NA,1,NA,NA,NA,1,NA,10,1
"E05000121",NA,NA,NA,1,NA,1,NA,1,NA,NA,NA,NA
"E05000122",1,1,5,NA,2,1,2,4,NA,NA,1,1
"E05000123",2,1,1,NA,NA,2,1,2,1,2,5,4
"E05000124",NA,NA,NA,NA,NA,NA,NA,1,NA,NA,NA,NA
"E05000125",1,1,NA,NA,NA,NA,1,1,2,2,NA,NA
"E05000126",NA,NA,NA,NA,NA,NA,NA,1,NA,NA,NA,NA
"E05000127",NA,NA,NA,NA,NA,NA,NA,1,NA,1,1,1
"E05000128",7,5,3,NA,1,NA,1,NA,1,7,11,8
"E05000129",147,146,107,16,5,14,36,69,67,76,77,51
"E05000130",37,44,20,3,7,7,12,19,20,23,17,19
"E05000131",6,7,2,1,NA,1,1,3,2,2,4,2
"E05000132",2,1,NA,NA,NA,NA,1,NA,2,2,NA,1
"E05000133",2,8,NA,NA,1,4,2,2,4,9,5,2
"E05000134",2,1,NA,1,1,1,NA,1,2,4,4,1
"E05000135",3,1,1,1,2,3,1,NA,NA,4,10,7
"E05000136",3,7,3,1,3,NA,4,1,4,6,2,3
"E05000137",NA,2,2,NA,NA,1,1,1,2,NA,2,1
"E05000138",110,181,150,9,24,25,53,51,67,91,42,43
"E05000139",8,7,4,2,1,5,1,1,3,7,3,4
"E05000140",4,8,5,2,3,10,11,8,15,7,10,11
"E05000141",33,36,27,3,5,7,11,17,17,16,10,15
"E05000142",20,21,10,5,8,6,10,16,13,11,23,16
"E05000143",38,33,20,2,2,7,9,16,10,22,18,18
"E05000144",7,6,6,2,2,9,4,8,14,7,8,9
"E05000145",5,6,11,2,1,4,10,5,10,9,8,13
"E05000170",4,1,3,3,1,NA,2,NA,NA,NA,1,1
"E05000171",NA,1,NA,1,NA,2,1,3,1,NA,1,NA
"E05000172",NA,2,3,1,NA,NA,1,3,NA,1,1,NA
"E05000173",13,20,10,2,NA,4,5,7,15,17,4,19
"E05000174",1,NA,NA,NA,NA,2,1,3,1,NA,1,NA
"E05000175",3,2,5,1,NA,2,3,1,5,2,2,7
"E05000176",3,NA,4,2,NA,NA,NA,NA,2,3,1,10
"E05000177",5,3,4,2,NA,NA,2,3,3,4,2,1
"E05000178",1,NA,2,NA,1,NA,1,NA,1,2,NA,1
"E05000179",1,NA,NA,1,NA,NA,NA,NA,3,NA,1,NA
"E05000180",1,NA,3,NA,1,1,1,2,NA,2,1,1
"E05000181",NA,3,NA,NA,NA,NA,1,NA,NA,1,NA,NA
"E05000182",1,NA,NA,NA,NA,NA,NA,1,2,NA,1,NA
"E05000183",2,1,NA,NA,1,NA,NA,NA,NA,NA,NA,NA
"E05000184",1,4,NA,NA,1,1,1,1,2,3,NA,NA
"E05000185",1,1,NA,NA,3,1,NA,NA,2,1,3,NA
"E05000186",4,1,4,2,2,NA,1,NA,1,1,1,2
"E05000187",1,1,1,1,NA,NA,NA,NA,3,3,NA,NA
"E05000188",1,3,2,1,5,1,2,3,2,3,1,2
"E05000189",3,2,3,1,2,2,6,4,4,6,10,7
"E05000190",2,3,3,NA,NA,2,NA,NA,3,1,NA,NA
"E05000191",1,NA,NA,NA,NA,NA,1,NA,1,NA,1,NA
"E05000192",3,2,2,NA,NA,NA,2,2,1,NA,1,2
"E05000193",5,2,1,1,4,2,3,NA,1,2,1,2
"E05000194",1,1,NA,NA,NA,2,NA,1,1,NA,NA,NA
"E05000195",1,1,NA,NA,NA,2,1,NA,2,1,NA,2
"E05000196",2,2,NA,NA,1,NA,1,NA,1,1,NA,1
"E05000197",16,8,6,NA,5,6,8,12,6,9,18,17
"E05000198",2,NA,3,1,NA,NA,1,4,NA,2,1,4
"E05000199",2,NA,NA,NA,2,NA,NA,NA,NA,1,NA,1
"E05000200",22,7,7,NA,3,4,21,13,6,10,4,10
"E05000201",1,1,NA,NA,NA,NA,NA,NA,3,2,4,NA
"E05000202",2,NA,NA,NA,NA,NA,NA,NA,1,1,2,NA
"E05000203",2,NA,NA,NA,NA,NA,1,1,3,2,NA,3
"E05000204",1,NA,NA,NA,1,1,NA,3,2,NA,3,3
"E05000205",1,5,8,NA,1,3,2,3,3,NA,4,7
"E05000206",1,3,3,1,NA,3,2,NA,NA,5,3,2
"E05000207",3,2,2,NA,NA,1,NA,3,3,1,3,6
"E05000208",1,4,1,2,NA,NA,1,NA,4,NA,4,NA
"E05000209",NA,4,4,NA,3,NA,NA,NA,1,1,1,2
"E05000210",2,4,5,NA,3,2,3,6,2,6,6,6
"E05000211",1,1,1,NA,2,2,NA,NA,4,2,1,2
"E05000212",4,6,6,3,3,4,5,4,4,9,8,10
"E05000213",1,NA,NA,2,3,NA,NA,NA,2,NA,2,1
"E05000214",1,1,2,1,1,1,1,NA,NA,NA,NA,NA
"E05000215",NA,NA,1,NA,NA,1,NA,NA,1,NA,1,1
"E05000216",1,1,NA,NA,2,1,2,1,1,1,NA,NA
"E05000217",1,NA,NA,NA,NA,NA,1,2,1,NA,NA,NA
"E05000218",2,NA,NA,NA,NA,NA,3,2,1,1,NA,NA
"E05000219",3,3,1,NA,1,2,3,1,2,3,2,5
"E05000220",1,NA,NA,NA,NA,NA,NA,NA,NA,NA,NA,NA
"E05000221",NA,NA,1,NA,NA,1,NA,2,3,NA,1,NA
"E05000222",4,8,4,2,3,2,2,7,4,8,15,16
"E05000223",NA,1,NA,1,NA,NA,NA,NA,NA,NA,1,NA
"E05000224",NA,NA,NA,NA,1,1,1,NA,NA,NA,1,1
"E05000225",10,17,6,1,1,3,1,1,2,3,3,3
"E05000226",1,NA,2,1,NA,NA,NA,1,1,NA,2,1
"E05000227",1,NA,NA,NA,NA,1,NA,NA,NA,NA,NA,NA
"E05000228",NA,1,NA,NA,NA,1,2,NA,3,NA,NA,4
"E05000229",2,1,1,NA,NA,1,5,NA,2,1,2,8
"E05000230",8,6,12,NA,1,5,6,4,9,4,4,4
"E05000250",2,2,4,NA,1,1,2,5,2,3,4,1
"E05000251",NA,NA,2,1,1,1,2,NA,1,2,1,1
"E05000252",5,5,1,NA,4,NA,1,1,NA,NA,3,1
"E05000253",1,5,1,NA,4,NA,NA,2,NA,1,NA,6
"E05000254",3,5,NA,2,1,NA,1,2,1,3,2,2
"E05000255",NA,NA,1,1,NA,NA,NA,2,1,1,NA,1
"E05000256",15,7,7,NA,2,3,9,10,13,14,7,7
"E05000257",NA,NA,NA,NA,NA,1,1,NA,NA,1,1,1
"E05000258",2,3,1,NA,NA,1,3,1,NA,NA,1,NA
"E05000259",NA,NA,1,NA,NA,NA,1,2,NA,NA,NA,NA
"E05000260",2,2,5,NA,NA,NA,2,1,2,2,1,4
"E05000261",3,5,1,1,1,1,NA,1,1,NA,NA,NA
"E05000262",1,1,1,NA,NA,NA,NA,NA,1,1,NA,1
"E05000263",24,25,17,1,6,3,24,28,16,52,15,30
"E05000264",6,5,3,1,NA,2,1,2,3,NA,NA,1
"E05000265",1,1,NA,NA,NA,1,NA,1,1,2,NA,1
"E05000266",3,15,2,1,1,2,2,2,1,1,1,2
"E05000267",4,4,2,1,1,4,5,2,3,2,1,5
"E05000268",4,3,NA,2,NA,4,3,2,1,2,4,4
"E05000269",3,5,NA,1,NA,2,3,2,3,1,6,2
"E05000270",1,4,NA,NA,NA,NA,5,3,3,NA,3,3
"E05000271",8,9,8,8,7,8,10,8,14,8,10,13
"E05000272",4,3,NA,NA,2,2,3,4,3,1,3,NA
"E05000273",4,1,3,2,1,3,NA,NA,1,1,2,1
"E05000274",4,3,2,NA,NA,1,4,6,3,1,1,5
"E05000275",28,26,25,4,6,18,22,25,31,36,12,46
"E05000276",9,6,5,4,1,4,7,6,4,3,8,6
"E05000277",7,3,6,3,4,4,3,4,7,4,5,3
"E05000278",6,2,5,2,8,4,4,3,7,2,6,2
"E05000279",1,1,NA,1,NA,NA,1,NA,2,3,4,2
"E05000280",19,16,19,10,4,5,10,11,8,7,22,10
"E05000281",10,8,11,5,10,2,5,11,6,8,8,9
"E05000282",4,5,4,2,4,3,3,NA,1,3,6,4
"E05000283",4,NA,2,4,2,1,2,2,1,4,3,5
"E05000284",2,6,8,3,4,2,3,3,5,5,5,4
"E05000285",NA,NA,1,NA,NA,NA,1,1,1,1,1,NA
"E05000286",2,2,2,1,NA,1,NA,NA,NA,1,NA,NA
"E05000287",NA,2,NA,NA,1,1,1,NA,1,1,NA,NA
"E05000288",14,20,10,1,2,7,12,16,8,26,14,19
"E05000289",NA,1,NA,NA,NA,1,1,NA,NA,1,1,1
"E05000290",NA,1,NA,NA,1,NA,1,NA,1,1,1,1
"E05000291",1,1,NA,1,NA,NA,NA,NA,NA,2,NA,1
"E05000292",NA,NA,NA,NA,NA,NA,NA,NA,NA,1,NA,NA
"E05000293",NA,1,NA,1,NA,NA,NA,NA,1,NA,1,NA
"E05000294",NA,NA,NA,NA,1,NA,NA,NA,NA,NA,NA,1
"E05000295",NA,NA,NA,NA,NA,NA,NA,NA,NA,1,NA,1
"E05000296",NA,2,3,NA,NA,NA,NA,NA,1,2,1,1
"E05000297",NA,1,3,NA,NA,1,NA,1,NA,1,1,NA
"E05000298",1,1,NA,NA,1,NA,NA,NA,NA,NA,1,NA
"E05000299",NA,NA,2,NA,NA,NA,NA,1,NA,1,NA,NA
"E05000300",NA,NA,1,NA,NA,NA,1,NA,1,NA,1,NA
"E05000301",1,NA,1,NA,NA,NA,NA,1,1,2,NA,NA
"E05000302",3,2,NA,NA,2,1,NA,NA,2,1,3,1
"E05000303",NA,1,NA,NA,NA,NA,NA,1,1,2,2,1
"E05000304",NA,1,NA,2,NA,2,1,NA,1,NA,NA,NA
"E05000305",1,1,NA,NA,NA,NA,NA,1,1,NA,NA,1
"E05000306",NA,2,NA,1,NA,NA,NA,3,NA,1,4,NA
"E05000307",NA,NA,NA,NA,NA,NA,NA,NA,NA,NA,NA,1
"E05000308",NA,NA,1,1,NA,NA,NA,1,NA,1,NA,NA
"E05000309",NA,NA,2,NA,NA,NA,NA,NA,NA,NA,NA,NA
"E05000310",NA,1,1,NA,NA,NA,NA,NA,1,3,NA,NA
"E05000311",NA,2,NA,NA,NA,NA,NA,NA,NA,1,NA,1
"E05000312",1,1,2,NA,1,1,NA,NA,NA,NA,3,1
"E05000313",NA,NA,NA,NA,NA,NA,NA,NA,1,NA,NA,NA
"E05000314",NA,NA,NA,NA,NA,NA,3,NA,1,NA,1,1
"E05000315",2,NA,NA,NA,1,NA,1,1,2,NA,2,NA
"E05000316",1,2,1,NA,NA,NA,NA,NA,NA,NA,1,NA
"E05000317",NA,1,NA,NA,1,1,NA,NA,NA,1,NA,NA
"E05000318",1,NA,NA,NA,1,1,NA,1,NA,NA,NA,1
"E05000319",19,25,15,NA,4,2,16,12,10,20,10,13
"E05000320",2,6,2,NA,NA,NA,NA,3,1,2,9,4
"E05000321",NA,1,NA,NA,1,1,1,NA,NA,2,NA,NA
"E05000322",NA,NA,NA,1,NA,NA,2,NA,NA,NA,1,NA
"E05000323",1,4,1,NA,NA,1,1,1,3,NA,NA,2
"E05000324",1,4,2,1,2,NA,1,NA,NA,NA,NA,NA
"E05000325",1,NA,1,NA,NA,NA,2,2,NA,1,2,1
"E05000326",NA,NA,2,NA,NA,NA,NA,2,NA,2,1,NA
"E05000327",NA,NA,NA,NA,NA,NA,NA,NA,1,NA,NA,NA
"E05000328",NA,NA,1,NA,1,NA,NA,NA,NA,1,NA,NA
"E05000329",1,NA,1,NA,NA,1,1,NA,NA,2,1,NA
"E05000330",NA,1,NA,NA,NA,NA,NA,NA,NA,NA,1,NA
"E05000331",7,7,5,2,2,NA,NA,1,1,1,1,1
"E05000332",NA,NA,1,NA,NA,NA,NA,NA,1,NA,NA,1
"E05000333",NA,NA,NA,NA,NA,NA,NA,NA,NA,1,NA,1
"E05000335",NA,1,NA,NA,NA,NA,1,NA,NA,NA,NA,NA
"E05000336",2,1,NA,1,NA,NA,NA,NA,NA,1,NA,NA
"E05000337",NA,2,NA,NA,NA,1,NA,NA,1,NA,NA,NA
"E05000338",5,NA,1,NA,NA,NA,NA,1,NA,2,2,2
"E05000339",4,3,8,3,NA,4,2,3,8,6,5,4
"E05000340",14,5,4,NA,NA,3,2,2,6,5,1,4
"E05000341",9,9,12,2,NA,NA,3,7,4,7,2,6
"E05000342",NA,NA,1,NA,2,NA,NA,NA,NA,NA,1,NA
"E05000343",NA,3,1,NA,NA,NA,2,NA,NA,1,2,1
"E05000344",NA,3,NA,2,3,1,NA,1,1,1,1,1
"E05000345",1,1,2,4,NA,2,1,1,NA,NA,1,NA
"E05000346",1,1,NA,NA,1,NA,NA,NA,NA,NA,NA,NA
"E05000347",2,NA,NA,4,NA,1,NA,NA,NA,NA,NA,NA
"E05000348",1,1,4,NA,NA,1,NA,1,2,1,NA,NA
"E05000349",1,NA,NA,NA,NA,NA,1,1,NA,1,NA,NA
"E05000350",1,1,1,NA,NA,1,1,1,3,NA,NA,2
"E05000351",2,NA,1,2,NA,NA,1,1,NA,1,1,2
"E05000352",3,2,2,NA,1,NA,1,1,1,1,NA,3
"E05000353",NA,2,NA,NA,NA,NA,NA,1,NA,NA,NA,NA
"E05000354",1,2,3,NA,NA,NA,NA,1,1,3,2,1
"E05000355",4,5,2,NA,1,4,4,3,1,2,2,3
"E05000356",NA,1,NA,NA,NA,1,1,1,NA,2,NA,1
"E05000357",1,1,NA,NA,1,NA,1,NA,1,NA,1,1
"E05000358",10,14,14,4,4,4,6,5,9,20,6,25
"E05000359",1,1,1,NA,2,NA,2,NA,2,NA,1,4
"E05000360",1,NA,NA,NA,NA,NA,NA,NA,NA,1,1,1
"E05000361",1,6,2,NA,1,NA,5,2,6,4,3,2
"E05000362",NA,1,1,NA,NA,NA,NA,NA,1,NA,NA,NA
"E05000363",NA,NA,NA,NA,NA,NA,NA,NA,1,2,NA,2
"E05000364",5,NA,3,NA,NA,NA,NA,3,2,1,2,NA
"E05000365",2,1,4,NA,2,NA,3,1,NA,5,2,2
"E05000366",12,16,10,1,1,2,4,16,12,10,5,9
"E05000367",57,58,43,7,5,8,31,32,42,47,32,30
"E05000368",10,23,11,NA,1,1,6,10,10,5,3,11
"E05000369",20,19,7,1,1,1,7,6,3,7,12,12
"E05000370",26,48,31,5,5,6,12,14,28,20,13,9
"E05000371",26,23,14,12,13,15,13,16,31,37,38,26
"E05000372",13,17,12,2,NA,3,3,8,17,7,7,25
"E05000373",20,20,15,5,13,13,9,21,13,28,15,25
"E05000374",1,2,6,NA,NA,1,1,2,2,1,2,NA
"E05000375",11,7,3,1,4,1,3,5,9,6,6,7
"E05000376",14,9,9,5,5,2,5,3,9,9,7,4
"E05000377",11,23,9,4,2,4,3,9,7,13,12,20
"E05000378",4,8,2,NA,2,1,2,2,4,1,2,NA
"E05000379",38,37,15,2,3,2,14,19,23,21,18,28
"E05000380",31,23,14,6,3,5,14,10,20,19,14,16
"E05000381",10,7,5,NA,4,2,NA,1,10,2,10,3
"E05000400",NA,NA,NA,NA,NA,NA,NA,NA,NA,NA,1,NA
"E05000401",NA,NA,NA,NA,NA,NA,NA,1,NA,NA,NA,NA
"E05000402",3,1,NA,NA,NA,NA,NA,1,3,2,3,1
"E05000403",1,NA,NA,NA,NA,2,NA,NA,NA,1,1,NA
"E05000404",NA,NA,NA,NA,NA,NA,1,NA,NA,NA,NA,NA
"E05000405",1,NA,NA,NA,NA,NA,3,NA,NA,2,NA,NA
"E05000406",NA,NA,NA,NA,NA,1,NA,2,NA,1,1,NA
"E05000407",NA,1,1,NA,NA,NA,NA,NA,1,NA,NA,1
"E05000408",26,31,23,NA,2,13,26,25,30,27,6,30
"E05000409",NA,2,NA,NA,NA,NA,1,NA,NA,2,NA,1
"E05000410",1,NA,NA,NA,NA,NA,NA,NA,NA,NA,NA,NA
"E05000412",3,2,1,NA,NA,NA,NA,3,2,5,6,1
"E05000414",2,NA,NA,NA,NA,NA,1,NA,NA,NA,1,NA
"E05000415",1,NA,NA,NA,NA,1,NA,NA,NA,1,NA,NA
"E05000416",38,41,19,2,4,7,14,17,16,31,28,31
"E05000417",4,6,4,1,1,3,3,2,1,2,4,1
"E05000418",4,2,1,NA,1,3,4,1,1,3,5,1
"E05000419",15,10,6,NA,2,1,4,6,5,6,4,2
"E05000420",36,18,15,3,6,7,14,18,18,21,10,18
"E05000421",57,25,19,3,1,5,4,9,10,4,9,9
"E05000422",NA,2,NA,1,NA,NA,NA,NA,NA,NA,2,NA
"E05000423",2,4,5,1,2,NA,NA,NA,3,2,7,3
"E05000424",2,1,NA,NA,NA,NA,NA,NA,NA,5,5,NA
"E05000425",5,6,2,2,2,1,5,5,4,2,1,3
"E05000426",9,13,4,NA,1,4,3,1,10,11,5,14
"E05000427",13,8,5,NA,1,3,2,5,5,8,6,4
"E05000428",7,5,2,2,NA,5,1,1,3,4,11,2
"E05000429",4,1,2,NA,1,4,1,2,3,3,3,1
"E05000430",3,NA,3,2,1,1,4,1,3,3,4,3
"E05000431",NA,1,NA,NA,NA,1,1,2,5,3,7,2
"E05000432",4,NA,NA,1,NA,NA,NA,NA,4,4,3,NA
"E05000433",NA,1,2,NA,NA,NA,3,NA,1,1,3,NA
"E05000434",NA,NA,1,NA,NA,1,3,1,3,1,2,1
"E05000435",NA,1,5,2,NA,1,2,NA,2,2,3,1
"E05000436",2,2,2,2,1,NA,1,1,2,2,2,3
"E05000437",NA,2,2,2,2,1,2,1,NA,1,4,NA
"E05000438",3,1,1,NA,NA,NA,1,1,2,3,1,2
"E05000439",7,5,2,4,1,3,3,3,3,4,4,2
"E05000440",NA,NA,NA,NA,NA,NA,NA,NA,1,NA,NA,1
"E05000441",NA,NA,NA,1,NA,NA,1,NA,NA,NA,NA,NA
"E05000442",1,2,NA,1,NA,1,3,NA,4,1,NA,1
"E05000443",2,1,4,1,2,1,4,2,8,6,6,11
"E05000444",1,NA,NA,NA,NA,4,1,NA,2,1,2,NA
"E05000445",NA,NA,2,1,1,NA,1,1,1,1,NA,NA
"E05000446",3,2,1,NA,NA,1,1,1,1,2,1,1
"E05000447",2,1,2,NA,1,NA,1,1,NA,2,2,2
"E05000448",19,15,18,4,6,6,12,11,9,18,8,7
"E05000449",6,9,9,6,NA,1,5,4,5,4,13,6
"E05000450",NA,3,NA,NA,NA,1,NA,NA,1,1,3,NA
"E05000451",8,5,7,NA,NA,4,4,3,5,5,5,4
"E05000452",NA,2,6,NA,NA,1,2,2,NA,1,1,1
"E05000453",NA,2,4,NA,NA,NA,2,NA,3,1,NA,1
"E05000454",1,NA,NA,1,NA,1,1,NA,2,1,NA,1
"E05000455",1,NA,NA,1,NA,NA,1,NA,1,3,2,NA
"E05000456",NA,2,NA,NA,NA,NA,NA,NA,NA,NA,NA,NA
"E05000457",2,1,1,1,1,3,1,2,5,1,1,1
"E05000458",2,2,NA,2,NA,NA,3,NA,1,NA,1,2
"E05000459",2,1,3,NA,NA,NA,1,NA,2,1,2,2
"E05000460",2,3,3,NA,NA,1,1,1,2,NA,2,1
"E05000461",NA,NA,NA,1,NA,NA,NA,1,3,2,1,1
"E05000462",NA,2,NA,NA,NA,1,1,NA,4,NA,NA,1
"E05000463",NA,NA,NA,NA,1,NA,NA,1,1,NA,NA,NA
"E05000464",3,1,NA,NA,1,NA,NA,NA,1,NA,NA,1
"E05000465",NA,NA,NA,NA,NA,NA,NA,1,NA,NA,NA,NA
"E05000466",1,1,2,NA,NA,1,NA,NA,1,2,NA,NA
"E05000467",NA,NA,NA,NA,NA,NA,1,NA,NA,NA,NA,NA
"E05000468",NA,2,2,1,2,NA,NA,NA,NA,1,NA,NA
"E05000469",NA,2,1,1,NA,NA,NA,2,NA,1,NA,2
"E05000470",2,NA,NA,NA,NA,NA,NA,NA,2,NA,NA,NA
"E05000471",5,2,2,NA,NA,3,6,5,4,5,2,1
"E05000472",1,1,NA,NA,NA,NA,1,NA,1,1,NA,NA
"E05000473",4,NA,1,NA,2,1,NA,NA,1,NA,2,NA
"E05000474",1,2,NA,NA,NA,NA,NA,NA,1,1,NA,NA
"E05000475",2,4,1,3,NA,1,NA,4,3,4,3,1
"E05000476",4,5,1,4,9,2,11,7,7,9,9,8
"E05000477",5,5,3,NA,1,2,3,3,4,4,8,NA
"E05000478",4,7,4,NA,NA,2,5,1,5,5,NA,NA
"E05000479",1,4,NA,1,2,NA,2,1,2,NA,NA,NA
"E05000480",23,28,30,9,9,20,24,42,34,82,64,79
"E05000481",3,2,2,1,2,NA,2,NA,6,7,11,7
"E05000482",2,NA,1,NA,3,1,2,2,1,3,3,NA
"E05000483",3,6,2,NA,1,1,4,NA,NA,2,2,2
"E05000484",NA,9,3,NA,4,5,7,3,2,1,11,6
"E05000485",7,7,4,2,1,4,8,7,2,12,6,9
"E05000486",15,13,14,5,4,10,22,10,6,32,12,20
"E05000487",2,3,3,2,1,1,1,5,1,2,3,2
"E05000488",4,NA,2,NA,1,1,2,3,2,4,2,4
"E05000489",3,1,1,1,1,1,2,4,3,4,3,1
"E05000490",3,7,1,NA,6,2,3,2,7,NA,4,NA
"E05000491",NA,2,NA,1,NA,NA,1,1,3,NA,NA,NA
"E05000492",80,94,68,5,8,24,94,89,60,108,60,115
"E05000493",2,2,2,1,1,NA,1,NA,1,2,4,3
"E05000494",2,5,1,NA,NA,1,1,1,3,3,4,2
"E05000516",NA,1,NA,NA,NA,NA,1,1,NA,NA,NA,NA
"E05000517",NA,NA,NA,NA,NA,1,NA,1,1,NA,2,NA
"E05000518",NA,1,NA,NA,NA,NA,NA,NA,1,NA,1,NA
"E05000519",NA,NA,1,NA,NA,NA,NA,1,1,NA,NA,NA
"E05000520",1,NA,1,NA,NA,NA,NA,NA,NA,NA,1,NA
"E05000521",NA,NA,NA,NA,1,NA,NA,2,1,NA,NA,NA
"E05000522",1,1,1,NA,NA,NA,1,NA,NA,NA,NA,NA
"E05000523",NA,NA,1,1,NA,NA,1,NA,NA,NA,NA,NA
"E05000524",NA,NA,1,NA,NA,1,NA,NA,NA,1,NA,4
"E05000525",3,NA,NA,NA,NA,NA,NA,NA,1,NA,2,NA
"E05000526",NA,NA,NA,NA,1,NA,NA,NA,1,NA,1,NA
"E05000527",NA,2,2,NA,NA,NA,NA,NA,2,NA,NA,NA
"E05000528",11,5,3,NA,1,1,3,1,13,12,5,5
"E05000529",NA,NA,NA,NA,1,NA,NA,NA,NA,NA,1,2
"E05000530",NA,NA,1,NA,1,NA,NA,1,NA,NA,NA,NA
"E05000531",1,2,2,1,NA,NA,NA,1,2,NA,NA,1
"E05000532",NA,NA,NA,NA,1,NA,1,1,NA,1,NA,NA
"E05000533",NA,2,NA,NA,NA,NA,NA,1,NA,NA,NA,NA
"E05000555",NA,1,1,NA,NA,NA,NA,1,NA,1,NA,NA
"E05000556",NA,NA,1,NA,NA,2,NA,2,NA,NA,NA,1
"E05000557",NA,NA,NA,NA,NA,NA,1,NA,NA,NA,NA,NA
"E05000558",1,NA,NA,NA,NA,2,NA,NA,NA,1,NA,1
"E05000559",NA,NA,NA,NA,NA,NA,NA,1,NA,NA,NA,NA
"E05000561",1,2,NA,2,NA,NA,1,1,NA,1,NA,NA
"E05000562",NA,NA,1,NA,1,1,NA,NA,2,NA,1,NA
"E05000563",NA,NA,NA,NA,NA,1,NA,NA,NA,1,2,1
"E05000564",12,7,11,NA,NA,8,12,11,5,6,7,2
"E05000565",NA,1,NA,NA,NA,1,1,1,NA,NA,NA,NA
"E05000566",NA,NA,NA,NA,NA,NA,NA,NA,NA,NA,1,NA
"E05000567",2,1,NA,NA,1,2,3,NA,1,2,1,2
"E05000568",1,NA,NA,NA,NA,NA,NA,NA,1,NA,NA,NA
"E05000569",NA,NA,1,NA,1,NA,1,3,NA,2,NA,NA
"E05000570",1,1,2,NA,1,1,NA,2,1,3,1,1
"E05000571",NA,NA,1,NA,1,NA,NA,NA,1,1,2,NA
"E05000572",NA,NA,1,NA,NA,NA,NA,1,1,1,NA,1
"E05000590",3,2,2,3,1,NA,3,2,1,3,2,1
"E05000591",6,4,2,2,1,3,2,2,3,3,3,2
"E05000592",3,1,NA,NA,2,NA,1,1,NA,3,1,NA
"E05000593",NA,NA,NA,NA,NA,1,2,1,1,1,NA,2
"E05000594",NA,NA,NA,2,NA,NA,NA,NA,NA,1,NA,1
"E05000595",1,4,3,2,1,4,3,1,1,4,5,NA
"E05000596",4,6,3,NA,3,1,NA,NA,1,2,2,2
"E05000597",NA,1,NA,NA,NA,NA,1,NA,2,NA,NA,NA
"E05000598",NA,1,NA,1,NA,NA,1,1,NA,2,NA,NA
"E05000599",16,25,24,1,6,9,21,10,16,24,29,22
"E05000600",NA,2,2,NA,1,NA,1,NA,1,1,2,4
"E05000601",3,4,4,NA,2,1,1,1,2,3,2,1
"E05000602",2,3,NA,2,NA,2,NA,NA,NA,NA,2,NA
"E05000603",3,4,6,2,NA,3,NA,5,1,2,4,4
"E05000604",9,5,6,2,NA,3,2,1,1,5,5,1
"E05000605",3,4,2,4,2,4,4,2,5,3,9,6
"E05000606",7,5,5,3,1,5,2,2,4,4,1,5
"E05000607",4,4,1,NA,1,2,NA,4,3,NA,2,3
"E05000608",4,3,6,4,1,3,NA,2,1,6,1,5
"E05000609",NA,NA,1,2,NA,1,3,1,2,4,NA,3
"E05000610",3,3,NA,1,1,NA,NA,2,2,9,6,1
"E05000611",2,1,NA,1,NA,1,1,4,NA,5,6,1
"E05000612",NA,NA,1,1,NA,1,1,2,4,3,2,1
"E05000613",1,1,NA,NA,1,NA,2,NA,NA,1,NA,1
"E05000614",2,3,5,1,1,3,NA,NA,4,4,4,4
"E05000615",3,1,1,NA,1,NA,NA,1,2,2,2,1
"E05000616",6,8,8,3,6,7,14,10,12,13,19,17
"E05000617",NA,6,3,NA,NA,1,1,1,NA,3,1,4
"E05000618",2,5,NA,NA,NA,1,1,1,2,3,7,2
"E05000619",4,8,4,1,1,3,3,5,9,3,7,5
"E05000620",3,NA,7,3,2,2,4,2,3,5,4,6
"E05000621",3,1,NA,NA,NA,NA,2,3,NA,NA,1,NA
"E05000622",1,NA,NA,NA,NA,NA,NA,NA,NA,2,NA,NA
"E05000623",NA,2,3,2,1,1,2,2,NA,NA,3,5
"E05000624",1,5,1,1,NA,NA,4,2,3,6,NA,4
"E05000625",10,11,7,NA,3,1,5,6,4,2,3,6
"E05000626",NA,NA,1,1,NA,1,NA,4,5,2,1,3
"E05000627",NA,NA,NA,NA,NA,NA,NA,1,2,1,1,1
"E05000628",NA,5,1,NA,NA,NA,2,NA,1,2,4,NA
"E05000629",NA,NA,1,1,1,NA,NA,NA,NA,NA,NA,NA
"E05000630",5,3,9,2,5,4,7,3,5,2,6,6
"E05000631",1,3,3,1,2,2,4,1,2,5,4,5
"E05000632",27,28,19,2,5,9,17,14,16,13,14,18
"E05000633",9,12,6,1,NA,NA,2,14,1,2,1,3
"E05000634",5,7,2,3,1,4,7,3,3,4,5,1
"E05000635",NA,2,NA,3,2,NA,1,NA,4,5,4,5
"E05000636",21,27,19,4,3,6,3,5,7,7,9,5
"E05000637",25,3,9,2,3,3,6,8,6,7,2,5
"E05000638",20,15,10,3,2,5,4,5,5,7,8,7
"E05000639",NA,5,2,1,NA,2,1,1,NA,NA,4,1
"E05000640",7,5,2,1,1,3,4,2,2,4,2,2
"E05000641",54,57,46,3,4,13,28,30,32,38,27,58
"E05000642",1,1,NA,NA,NA,3,1,2,1,NA,NA,NA
"E05000643",11,8,2,2,2,2,6,8,9,6,4,5
"E05000644",464,546,312,7,7,19,78,114,99,139,62,115
"E05000645",1,3,2,1,NA,NA,1,NA,2,1,NA,NA
"E05000646",8,3,4,2,2,1,NA,2,5,NA,2,1
"E05000647",33,20,16,2,1,5,4,16,5,7,6,6
"E05000648",6,3,6,1,1,3,1,1,1,1,1,NA
"E05000649",567,643,397,17,8,51,156,278,259,272,131,295
"E05000661",NA,NA,NA,NA,NA,NA,NA,NA,1,NA,NA,NA
"E05002235",NA,NA,NA,NA,NA,NA,NA,NA,NA,NA,NA,1
"E05002252",NA,NA,NA,NA,NA,1,NA,NA,NA,NA,NA,NA
"E05003144",NA,NA,NA,NA,NA,NA,NA,NA,1,NA,NA,NA
"E05004155",1,NA,NA,NA,NA,NA,NA,NA,NA,NA,NA,NA
"E05004162",NA,NA,NA,NA,NA,NA,NA,NA,NA,NA,NA,1
"E05004747",NA,NA,NA,NA,NA,NA,NA,NA,1,NA,NA,NA
"E05004748",NA,1,NA,NA,NA,NA,NA,NA,NA,NA,NA,NA
"E05004934",NA,NA,1,NA,NA,NA,NA,NA,NA,NA,NA,NA
"E05009009",NA,NA,NA,NA,NA,NA,NA,NA,NA,1,NA,NA
"E05009010",NA,NA,NA,NA,NA,NA,NA,NA,NA,NA,NA,1
"E05009288",1,2,3,2,2,2,2,2,2,4,NA,NA
"E05009302",4,4,4,1,NA,NA,1,1,2,2,5,NA
"E05009304",17,19,17,7,4,7,10,5,10,14,20,10
"E05009308",4,3,NA,1,1,1,2,NA,1,2,2,NA
"E05009311",50,67,33,8,3,5,27,19,31,23,24,17
"E05009317",10,11,4,5,1,5,3,11,7,9,6,12
"E05009318",4,NA,1,1,3,2,NA,NA,NA,NA,NA,NA
"E05009319",4,5,6,5,6,NA,6,2,6,8,6,10
"E05009320",7,3,6,3,NA,9,9,14,5,4,8,10
"E05009321",NA,1,NA,2,1,1,1,2,NA,NA,3,NA
"E05009322",1,2,2,NA,2,2,1,2,7,5,9,5
"E05009323",11,8,5,NA,1,2,1,1,2,3,NA,3
"E05009324",NA,1,NA,NA,NA,2,2,2,NA,NA,NA,NA
"E05009325",1,2,3,1,NA,1,1,1,2,1,4,2
"E05009326",3,NA,NA,NA,NA,1,1,NA,NA,3,2,NA
"E05009327",3,1,5,1,1,4,7,5,3,6,3,6
"E05009328",NA,1,1,NA,NA,1,1,2,1,NA,NA,NA
"E05009329",2,1,1,1,2,3,NA,1,2,2,3,8
"E05009330",13,17,5,2,NA,2,4,1,1,3,1,1
"E05009331",19,15,23,9,6,12,6,4,17,11,8,9
"E05009332",6,3,4,NA,1,1,7,3,3,6,1,3
"E05009333",21,21,14,3,8,1,4,11,15,8,13,13
"E05009334",2,2,1,2,NA,NA,2,4,NA,4,4,3
"E05009335",38,21,36,6,1,8,9,9,12,8,16,9
"E05009336",12,6,6,1,NA,1,8,4,3,6,4,10
"E05009367",6,3,2,1,4,2,4,NA,3,5,4,2
"E05009368",1,5,2,NA,2,2,1,1,1,2,1,NA
"E05009369",4,5,10,2,3,1,NA,4,8,4,4,3
"E05009370",17,21,26,3,2,6,10,17,21,14,16,25
"E05009371",15,9,9,3,1,3,7,15,21,19,18,25
"E05009372",15,12,16,3,NA,5,11,13,19,17,19,19
"E05009373",1,1,15,1,2,3,3,7,2,5,7,7
"E05009374",3,5,3,2,3,3,10,4,3,3,8,10
"E05009375",5,15,5,9,1,11,10,13,22,10,10,17
"E05009376",9,12,12,5,3,3,2,4,12,7,12,16
"E05009377",90,106,98,6,3,4,26,79,60,52,27,34
"E05009378",25,27,25,4,3,4,23,18,33,26,36,31
"E05009379",1,NA,3,NA,4,2,2,1,1,1,2,3
"E05009380",1,2,5,3,2,1,2,2,2,3,4,4
"E05009381",22,20,17,5,4,6,15,12,17,15,25,25
"E05009382",6,2,4,NA,1,3,1,4,NA,3,7,1
"E05009383",5,4,8,2,2,6,5,3,NA,8,3,3
"E05009384",2,5,2,1,1,NA,NA,3,1,2,2,3
"E05009385",4,6,9,1,2,1,3,5,3,2,4,2
"E05009386",14,2,13,2,1,5,11,11,8,24,19,11
"E05009387",6,6,3,NA,4,3,2,2,7,3,8,6
"E05009388",1,7,6,NA,1,NA,1,1,NA,3,1,2
"E05009389",28,26,11,1,2,2,4,5,10,18,8,15
"E05009390",18,8,7,4,NA,2,5,3,6,10,4,8
"E05009391",4,1,2,1,3,1,NA,1,NA,NA,NA,2
"E05009392",13,12,8,1,NA,NA,3,1,9,9,3,5
"E05009393",5,8,3,NA,NA,NA,1,NA,1,2,1,1
"E05009394",NA,NA,1,2,NA,NA,NA,NA,NA,1,1,NA
"E05009395",4,10,1,1,1,NA,2,1,4,1,2,3
"E05009396",9,6,5,1,1,2,3,3,2,4,5,4
"E05009397",2,NA,1,NA,NA,NA,NA,1,NA,1,NA,1
"E05009398",NA,NA,2,NA,NA,NA,1,1,1,NA,2,2
"E05009399",2,NA,NA,NA,NA,1,NA,NA,NA,1,NA,NA
"E05009400",7,11,6,NA,3,1,1,2,4,4,3,6
"E05009401",7,6,2,1,1,2,6,4,3,9,3,7
"E05009402",NA,3,3,NA,NA,1,NA,NA,1,NA,1,1
"E05009403",32,15,20,2,NA,3,6,19,15,17,8,21
"E05009404",NA,4,4,1,1,4,NA,NA,3,2,2,1
"E05009405",2,5,3,1,NA,1,7,2,3,5,2,4
"E05009586",NA,NA,1,NA,NA,NA,NA,NA,NA,NA,NA,NA
"E05010473",NA,NA,NA,NA,NA,NA,NA,NA,NA,NA,NA,1
"E05010573",NA,NA,NA,NA,NA,1,NA,NA,NA,NA,NA,NA
"E05011088",NA,NA,NA,1,NA,NA,NA,NA,NA,NA,NA,NA
"E05011095",30,69,50,3,3,5,8,24,13,35,39,33
"E05011096",2,9,4,NA,2,3,3,2,6,5,8,5
"E05011097",5,4,4,NA,2,NA,NA,1,1,NA,NA,2
"E05011098",15,16,7,1,5,6,12,18,22,20,9,15
"E05011099",2,NA,NA,NA,1,NA,1,1,2,NA,2,1
"E05011100",1,1,NA,1,NA,NA,NA,NA,2,1,1,NA
"E05011101",NA,2,NA,NA,NA,NA,1,1,2,NA,2,NA
"E05011102",9,7,7,2,4,9,9,12,8,14,8,10
"E05011103",7,2,2,NA,NA,NA,NA,2,3,2,2,2
"E05011104",31,26,10,NA,6,10,11,36,35,20,27,44
"E05011105",7,7,2,2,5,1,3,3,4,4,3,9
"E05011106",11,21,15,NA,1,9,2,21,11,18,14,16
"E05011107",8,4,1,NA,2,4,3,9,3,14,8,12
"E05011108",7,3,NA,NA,NA,3,3,4,7,8,1,4
"E05011109",3,3,5,3,7,7,6,10,6,13,4,7
"E05011110",2,2,2,1,1,1,3,2,3,6,3,5
"E05011111",1,NA,2,NA,NA,1,2,NA,NA,2,1,1
"E05011112",18,16,20,4,3,7,10,12,13,23,20,24
"E05011113",17,9,13,5,3,7,6,5,7,19,5,9
"E05011114",8,15,6,NA,3,7,3,2,8,7,12,14
"E05011115",3,2,4,NA,NA,NA,5,1,4,6,2,4
"E05011116",6,8,7,1,3,1,4,12,7,8,10,5
"E05011117",1,14,24,3,1,3,3,2,7,8,7,7
"E05011217",1,1,NA,NA,NA,1,NA,NA,NA,NA,NA,NA
"E05011218",NA,2,NA,NA,2,NA,NA,2,1,NA,NA,NA
"E05011219",4,8,5,NA,1,2,1,6,4,NA,4,6
"E05011220",NA,NA,1,1,NA,1,NA,NA,NA,1,NA,NA
"E05011222",NA,NA,NA,NA,NA,NA,NA,1,NA,NA,NA,NA
"E05011223",NA,1,1,NA,NA,1,NA,1,1,NA,NA,NA
"E05011224",NA,NA,NA,NA,NA,1,NA,NA,NA,NA,1,NA
"E05011225",2,1,NA,NA,NA,NA,1,1,2,NA,1,NA
"E05011226",NA,NA,1,NA,NA,1,1,NA,NA,NA,1,NA
"E05011227",NA,NA,1,NA,NA,1,1,NA,NA,1,NA,NA
"E05011228",NA,NA,NA,NA,1,1,NA,NA,NA,1,NA,NA
"E05011229",1,NA,1,NA,NA,NA,NA,NA,NA,NA,NA,NA
"E05011230",NA,1,NA,1,NA,NA,NA,NA,NA,1,2,1
"E05011231",1,NA,NA,NA,NA,NA,1,NA,NA,1,1,2
"E05011232",NA,1,NA,NA,1,5,NA,1,NA,NA,NA,NA
"E05011234",2,1,NA,NA,1,NA,NA,1,NA,1,NA,2
"E05011235",2,1,2,2,NA,NA,1,2,1,1,1,1
"E05011236",NA,NA,1,NA,1,2,1,1,NA,NA,NA,1
"E05011237",4,2,1,1,NA,NA,NA,NA,NA,2,NA,3
"E05011238",3,1,1,NA,1,1,1,NA,NA,1,NA,NA
"E05011239",NA,1,NA,2,NA,NA,NA,NA,1,NA,1,1
"E05011240",20,24,14,9,9,13,17,23,16,40,7,22
"E05011241",3,4,2,1,2,3,2,4,4,4,3,NA
"E05011242",3,2,NA,NA,1,NA,2,1,1,NA,1,3
"E05011243",3,4,5,1,NA,1,NA,NA,3,1,NA,3
"E05011244",1,3,3,4,3,1,1,1,2,1,2,1
"E05011245",2,2,1,NA,NA,2,1,NA,NA,1,1,NA
"E05011246",21,21,21,10,13,5,9,12,5,25,16,12
"E05011247",9,12,13,2,6,6,11,10,6,12,9,22
"E05011248",2,NA,2,1,NA,1,NA,1,NA,2,1,2
"E05011249",NA,NA,NA,NA,1,NA,NA,1,NA,NA,NA,NA
"E05011250",1,2,NA,NA,NA,1,3,1,2,NA,1,NA
"E05011251",2,4,NA,3,1,1,1,2,5,NA,2,5
"E05011252",1,NA,NA,NA,1,NA,1,1,1,NA,NA,1
"E05011253",3,3,1,1,1,1,1,2,1,1,2,2
"E05011254",1,1,NA,NA,NA,1,NA,NA,NA,1,NA,NA
"E05011255",2,1,1,NA,NA,NA,4,5,1,2,1,NA
"E05011376",NA,1,NA,NA,NA,NA,NA,NA,NA,NA,NA,NA
"E05011462",2,1,NA,NA,NA,NA,NA,NA,1,NA,1,2
"E05011463",NA,1,NA,NA,1,NA,1,1,NA,NA,2,NA
"E05011464",1,2,NA,NA,1,3,1,3,3,1,4,2
"E05011465",8,7,8,NA,3,4,4,6,6,4,4,2
"E05011466",NA,2,2,NA,NA,NA,NA,NA,1,1,2,NA
"E05011467",1,NA,NA,NA,1,1,1,NA,1,1,2,NA
"E05011468",23,18,23,8,6,6,10,7,12,15,13,15
"E05011470",NA,NA,NA,NA,NA,NA,NA,2,NA,NA,1,NA
"E05011471",1,1,NA,NA,NA,NA,NA,NA,NA,2,NA,1
"E05011472",3,2,2,NA,NA,NA,NA,2,2,3,7,NA
"E05011473",NA,NA,NA,NA,NA,NA,1,NA,2,NA,1,NA
"E05011474",NA,NA,NA,NA,NA,1,NA,NA,NA,1,NA,1
"E05011475",NA,NA,NA,NA,NA,NA,NA,1,NA,NA,NA,NA
"E05011476",2,1,3,NA,NA,2,NA,NA,2,1,1,1
"E05011479",NA,1,NA,NA,NA,NA,NA,NA,2,NA,NA,NA
"E05011480",NA,NA,NA,NA,NA,NA,NA,NA,NA,1,2,1
"E05011481",1,NA,1,NA,1,1,NA,NA,NA,NA,NA,NA
"E05011482",1,NA,NA,NA,NA,1,NA,NA,NA,NA,NA,NA
"E05011483",NA,NA,1,NA,NA,1,NA,NA,NA,NA,NA,NA
"E05011484",NA,1,NA,NA,NA,NA,NA,1,1,NA,1,1
"E05011485",3,1,1,NA,NA,NA,NA,1,3,4,2,1
"E05011486",1,NA,1,NA,1,1,2,2,1,4,3,3
"E05011487",NA,NA,2,NA,4,1,2,NA,1,1,1,1
"E05011488",2,NA,3,2,1,NA,5,2,4,5,1,2
"E05011489",NA,NA,NA,NA,1,1,1,1,3,1,NA,NA
NA,58,97,81,7,7,16,32,39,42,55,34,37
