Crime ID,Month,Reported by,Falls within,Longitude,Latitude,Location,LSOA code,LSOA name,Crime type,Last outcome category,Context
7b810846cdd807c8f0b8241ed943b0b6dfe8374785a9cd400bfd792c19961fd2,2020-12,City of London Police,City of London Police,-0.111962,51.518494,On or near Nightclub,E01000914,Camden 028B,Robbery,Investigation complete; no suspect identified,
61406a16e68ad9aecf168a7eaf7cfcf3c848494a1868b46e7428186457f877eb,2020-12,City of London Police,City of London Police,-0.111962,51.518494,On or near Nightclub,E01000914,Camden 028B,Theft from the person,Investigation complete; no suspect identified,
,2020-12,City of London Police,City of London Police,-0.097053,51.518262,On or near Aldersgate Street,E01000001,City of London 001A,Anti-social behaviour,,
,2020-12,City of London Police,City of London Police,-0.097562,51.518864,On or near Parking Area,E01000001,City of London 001A,Anti-social behaviour,,
,2020-12,City of London Police,City of London Police,-0.098572,51.516767,On or near King Edward Street,E01000001,City of London 001A,Anti-social behaviour,,
,2020-12,City of London Police,City of London Police,-0.097736,51.520206,On or near Conference/Exhibition Centre,E01000001,City of London 001A,Anti-social behaviour,,
2b606208a253818763802dfb4bbe98f77708ce78eb73e999fbfa83a3e21bd15a,2020-12,City of London Police,City of London Police,-0.097562,51.518864,On or near Parking Area,E01000001,City of London 001A,Criminal damage and arson,Local resolution,
9d2edce757da360cf2557aec014d5202929da77ee3b6bd5ff7f049f91a4523c6,2020-12,City of London Police,City of London Police,-0.097736,51.520206,On or near Conference/Exhibition Centre,E01000001,City of London 001A,Criminal damage and arson,Unable to prosecute suspect,
406f805513d93fb4d8b5f6e3bf61a28c329d1b89c4804115a0805c705e9d2ea9,2020-12,City of London Police,City of London Police,-0.097334,51.521567,On or near Fann Street,E01000001,City of London 001A,Drugs,Status update unavailable,
252b01412a8c0130c4480616535876e7ef18300fe922df3a5eea4813312e7289,2020-12,City of London Police,City of London Police,-0.098572,51.516767,On or near King Edward Street,E01000001,City of London 001A,Possession of weapons,Local resolution,
172ee0f288c6b57d22d67130f26a51782987e11247a57ba511df06069846e23d,2020-12,City of London Police,City of London Police,-0.097053,51.518262,On or near Aldersgate Street,E01000001,City of London 001A,Vehicle crime,Investigation complete; no suspect identified,
7deab7ea6bda4132c575384abd6a5197b601fb7f6b2386a3e396fa60ca58ffd2,2020-12,City of London Police,City of London Police,-0.097053,51.518262,On or near Aldersgate Street,E01000001,City of London 001A,Vehicle crime,Investigation complete; no suspect identified,
d5aef92c70f1869726237326455ec962861e4a0d91f8886a3903eb7b30b25b16,2020-12,City of London Police,City of London Police,-0.095960,51.517534,On or near London Wall,E01000001,City of London 001A,Other crime,Action to be taken by another organisation,
35a1bd6d38f62317895c2b7080cdb7daf49a34365d36b70d5efd10cf7643bc22,2020-12,City of London Police,City of London Police,-0.095960,51.517534,On or near London Wall,E01000001,City of London 001A,Other crime,Action to be taken by another organisation,
effd2615aa8997639529476933f9836e2cdebf3c371fea783337954e288c4bd7,2020-12,City of London Police,City of London Police,-0.095960,51.517534,On or near London Wall,E01000001,City of London 001A,Other crime,Action to be taken by another organisation,
,2020-12,City of London Police,City of London Police,-0.092297,51.518949,On or near Park/Open Space,E01000002,City of London 001B,Anti-social behaviour,,
,2020-12,City of London Police,City of London Police,-0.091649,51.518938,On or near Park/Open Space,E01000002,City of London 001B,Anti-social behaviour,,
,2020-12,City of London Police,City of London Police,-0.092628,51.517920,On or near St Alphage Garden,E01000002,City of London 001B,Anti-social behaviour,,
,2020-12,City of London Police,City of London Police,-0.093933,51.519812,On or near Conference/Exhibition Centre,E01000002,City of London 001B,Anti-social behaviour,,
,2020-12,City of London Police,City of London Police,-0.091649,51.518938,On or near Park/Open Space,E01000002,City of London 001B,Anti-social behaviour,,
,2020-12,City of London Police,City of London Police,-0.090348,51.519358,On or near Moor Lane,E01000002,City of London 001B,Anti-social behaviour,,
,2020-12,City of London Police,City of London Police,-0.093030,51.517612,On or near Parking Area,E01000002,City of London 001B,Anti-social behaviour,,
,2020-12,City of London Police,City of London Police,-0.092297,51.518949,On or near Park/Open Space,E01000002,City of London 001B,Anti-social behaviour,,
,2020-12,City of London Police,City of London Police,-0.093057,51.520085,On or near Theatre/Concert Hall,E01000002,City of London 001B,Anti-social behaviour,,
2528e88ccd3d31e0e09704dad9d6033fba0e3ea58b6fbd4508079857695cfb44,2020-12,City of London Police,City of London Police,-0.095026,51.518499,On or near Park/Open Space,E01000002,City of London 001B,Bicycle theft,Investigation complete; no suspect identified,
7435fd84c819b14da4fb9a0fde95a6f848fe50cb852a616b94ae551b3d255650,2020-12,City of London Police,City of London Police,-0.093057,51.520085,On or near Theatre/Concert Hall,E01000002,City of London 001B,Bicycle theft,Court result unavailable,
7a3a400707ec99220833d38d64bfae2a17119b72246f6cf2c0a3f6c158ec15d5,2020-12,City of London Police,City of London Police,-0.093933,51.519812,On or near Conference/Exhibition Centre,E01000002,City of London 001B,Criminal damage and arson,Investigation complete; no suspect identified,
3fcd302e1b2a47b922dfa3f89984c5ce2f1f4dcf2aef789e104d191a6e4ee1e5,2020-12,City of London Police,City of London Police,-0.094094,51.515606,On or near Gresham Street,E01000002,City of London 001B,Criminal damage and arson,Investigation complete; no suspect identified,
5255776d376a371cade6af128f48b42af01a91ad28fb61d1a52b50acf13bc5c1,2020-12,City of London Police,City of London Police,-0.088621,51.518619,On or near Moorfields,E01000002,City of London 001B,Other theft,Investigation complete; no suspect identified,
1fb24c377b8bce9462484bfb847dd89083a38bced21335b421b38956fbcbc7b5,2020-12,City of London Police,City of London Police,-0.088621,51.518619,On or near Moorfields,E01000002,City of London 001B,Shoplifting,Awaiting court outcome,
ccf5399c113a6c282974c2146a033c807a221421557ad39d52dfaee7ddbde15e,2020-12,City of London Police,City of London Police,-0.088621,51.518619,On or near Moorfields,E01000002,City of London 001B,Shoplifting,Investigation complete; no suspect identified,
149399c02a6ba5abc95c09ecdce914f7e28fd39d78ac3684133e6af96ade0a5b,2020-12,City of London Police,City of London Police,-0.088621,51.518619,On or near Moorfields,E01000002,City of London 001B,Shoplifting,Investigation complete; no suspect identified,
e428d6ed42b7ebf07367446fdbf6eb7a192ba05ec5b78081d2cf4cf77c3f9230,2020-12,City of London Police,City of London Police,-0.093030,51.517612,On or near Parking Area,E01000002,City of London 001B,Vehicle crime,Investigation complete; no suspect identified,
81b66d5caf275aa30b1eebd8a34cf5d3236452be347a6d473ca3e79ec19fa665,2020-12,City of London Police,City of London Police,-0.093948,51.518077,On or near Monkwell Square,E01000002,City of London 001B,Violence and sexual offences,Investigation complete; no suspect identified,
1c6db02e2db628d452bd18914faf0e8cad9007001f58c3eb498df6c772e786a0,2020-12,City of London Police,City of London Police,-0.092723,51.517032,On or near Aldermanbury Square,E01000002,City of London 001B,Violence and sexual offences,Unable to prosecute suspect,
d3a507c5b5d815983e18144ef83240d98a343e0eac405db9fc2977576407f3c1,2020-12,City of London Police,City of London Police,-0.089596,51.518743,On or near New Union Street,E01000002,City of London 001B,Violence and sexual offences,Status update unavailable,
42ec7eaaf05e3a48686988e515d0f7e1e469c94c20faba71cc68e9a79db75af5,2020-12,City of London Police,City of London Police,-0.094094,51.515606,On or near Gresham Street,E01000002,City of London 001B,Violence and sexual offences,Investigation complete; no suspect identified,
,2020-12,City of London Police,City of London Police,-0.094468,51.521853,On or near Golden Lane,E01000003,City of London 001C,Anti-social behaviour,,
,2020-12,City of London Police,City of London Police,-0.096114,51.520747,On or near Park/Open Space,E01000003,City of London 001C,Anti-social behaviour,,
,2020-12,City of London Police,City of London Police,-0.096114,51.520747,On or near Park/Open Space,E01000003,City of London 001C,Anti-social behaviour,,
,2020-12,City of London Police,City of London Police,-0.095381,51.521391,On or near Viscount Street,E01000003,City of London 001C,Anti-social behaviour,,
f3898ff90e5aab1103bbbf45200b8c0f084c723fe6d096fa5d55a13d7d60394b,2020-12,City of London Police,City of London Police,-0.094468,51.521853,On or near Golden Lane,E01000003,City of London 001C,Violence and sexual offences,Action to be taken by another organisation,
,2020-12,City of London Police,City of London Police,-0.073254,51.512856,On or near Mansell Street,E01000005,City of London 001E,Anti-social behaviour,,
,2020-12,City of London Police,City of London Police,-0.074793,51.511208,On or near Pedestrian Subway,E01000005,City of London 001E,Anti-social behaviour,,
,2020-12,City of London Police,City of London Police,-0.077392,51.516233,On or near Harrow Place,E01000005,City of London 001E,Anti-social behaviour,,
,2020-12,City of London Police,City of London Police,-0.073065,51.511180,On or near Goodman'S Yard,E01000005,City of London 001E,Anti-social behaviour,,
,2020-12,City of London Police,City of London Police,-0.074958,51.514151,On or near Aldgate High Street,E01000005,City of London 001E,Anti-social behaviour,,
,2020-12,City of London Police,City of London Police,-0.074958,51.514151,On or near Aldgate High Street,E01000005,City of London 001E,Anti-social behaviour,,
,2020-12,City of London Police,City of London Police,-0.074958,51.514151,On or near Aldgate High Street,E01000005,City of London 001E,Anti-social behaviour,,
f5c454241b265fc088f44353aaff655ab4f8eb72444e5b7dfa6b535b053af327,2020-12,City of London Police,City of London Police,-0.077392,51.516233,On or near Harrow Place,E01000005,City of London 001E,Bicycle theft,Awaiting court outcome,
60f3d17e705ab62c4dcaaa26b58966aa81c2179e994c4c243b62deb95b998301,2020-12,City of London Police,City of London Police,-0.075722,51.511053,On or near Crescent,E01000005,City of London 001E,Bicycle theft,Status update unavailable,
9ce3544fbc45ade165d09d7a0e6b5f7be21f4a93061ce4d056359c08008f7dfb,2020-12,City of London Police,City of London Police,-0.075389,51.511775,On or near Minories,E01000005,City of London 001E,Burglary,Investigation complete; no suspect identified,
84f882f8830a87ea8d3355a19335829ba5a6c9284c66dc37c10859257241361b,2020-12,City of London Police,City of London Police,-0.078250,51.515033,On or near Houndsditch,E01000005,City of London 001E,Burglary,Status update unavailable,
317b86fb98f8cf74c8d4f272715daf201453d749dbbc2a6a38d6f9b3e2fbaae2,2020-12,City of London Police,City of London Police,-0.079607,51.515657,On or near St Mary Axe,E01000005,City of London 001E,Burglary,Investigation complete; no suspect identified,
86bb972e0f48db2c8b29d3a415d180a6905a973a420ab5b61326419afa8dcd41,2020-12,City of London Police,City of London Police,-0.074958,51.514151,On or near Aldgate High Street,E01000005,City of London 001E,Burglary,Investigation complete; no suspect identified,
401c07c175977070a16a2141904fc17148447a867f846178445231dc0ab5ec48,2020-12,City of London Police,City of London Police,-0.075389,51.511775,On or near Minories,E01000005,City of London 001E,Burglary,Investigation complete; no suspect identified,
8b8b241e9d211b84e97fa1155dcf3bba19c03e6a48b9ca7ab162dd93ea123401,2020-12,City of London Police,City of London Police,-0.073515,51.510414,On or near Parking Area,E01000005,City of London 001E,Criminal damage and arson,Investigation complete; no suspect identified,
4dfac98950f8a43456e89271c93082e59e2284191f3454894d6d7395a56d3590,2020-12,City of London Police,City of London Police,-0.074958,51.514151,On or near Aldgate High Street,E01000005,City of London 001E,Criminal damage and arson,Investigation complete; no suspect identified,
2f2aa5133cfd6a6444a7b75d1d729cd4fcc6971e6e6d0225817c6d084f485361,2020-12,City of London Police,City of London Police,-0.077224,51.516122,On or near Shopping Area,E01000005,City of London 001E,Criminal damage and arson,Unable to prosecute suspect,
b990ff203f2498b73c0088170f14dda0b2df7783e41132effc7d38954be7fa9d,2020-12,City of London Police,City of London Police,-0.075722,51.511053,On or near Crescent,E01000005,City of London 001E,Drugs,Formal action is not in the public interest,
1881e9da6c11eda8f0f542e0b132184e3faffd3a76b574019ccec1d0648a8a4c,2020-12,City of London Police,City of London Police,-0.075722,51.511053,On or near Crescent,E01000005,City of London 001E,Drugs,Offender given a drugs possession warning,
57e0cb58894f61486096cadb7d8618c532070012ee56851c878ff9087ed51aea,2020-12,City of London Police,City of London Police,-0.073254,51.512856,On or near Mansell Street,E01000005,City of London 001E,Drugs,Court result unavailable,
211c512d8fac46f56f9b9989c8d2ff591e46ef2042338fae23cee828976ba5f5,2020-12,City of London Police,City of London Police,-0.076095,51.512462,On or near Vine Street,E01000005,City of London 001E,Drugs,Status update unavailable,
a171238e021dc4f249e0725cbb4fccd0541894dff37c8ff6ca5600a75ed8f162,2020-12,City of London Police,City of London Police,-0.073515,51.510414,On or near Parking Area,E01000005,City of London 001E,Drugs,Status update unavailable,
8554c2193839b9a5b4f0e881614f0110adc11380b59c9898f36dfdcc03deee97,2020-12,City of London Police,City of London Police,-0.073254,51.512856,On or near Mansell Street,E01000005,City of London 001E,Drugs,Court result unavailable,
d90aa37edb1206459e5cf9b0ffad279e04940c3933ed87e8200647c04e8ff67c,2020-12,City of London Police,City of London Police,-0.078393,51.515728,On or near Clothier Street,E01000005,City of London 001E,Drugs,Offender given a drugs possession warning,
d5c657d60492518262e3bf9fc8be5c39350cf7b46b7dd6f755d302e440b8c490,2020-12,City of London Police,City of London Police,-0.078393,51.515728,On or near Clothier Street,E01000005,City of London 001E,Drugs,Offender given a drugs possession warning,
33a9d3b33715af6f805962eb45947716ccbc255a9ff67aadccc8ceb08f62a816,2020-12,City of London Police,City of London Police,-0.077451,51.515523,On or near White Kennett Street,E01000005,City of London 001E,Other theft,Investigation complete; no suspect identified,
c36c5f64ad8dda90a1f5f738396c03543fb71d6db6f2e9bd1f0cf883f07e1f6f,2020-12,City of London Police,City of London Police,-0.076080,51.511445,On or near America Square,E01000005,City of London 001E,Other theft,Investigation complete; no suspect identified,
12e1f38eaa8db7f48fe8008c243fcafe205a5e77d4a29f31f998069141a39668,2020-12,City of London Police,City of London Police,-0.079607,51.515657,On or near St Mary Axe,E01000005,City of London 001E,Other theft,Investigation complete; no suspect identified,
4d2a43421040c282e91824f6dee9ab665b06eb889d291757156c074061981d70,2020-12,City of London Police,City of London Police,-0.077224,51.516122,On or near Shopping Area,E01000005,City of London 001E,Other theft,Investigation complete; no suspect identified,
13a451237bd555fd9a9a9125c3a193e3066e2ede32856022e2b5b6bafd3cd2fb,2020-12,City of London Police,City of London Police,-0.076270,51.515504,On or near Gravel Lane,E01000005,City of London 001E,Public order,Local resolution,
b4c3c1a3b673d0880d0f1712c0012411e8e9c580f345006398fcfedff7577337,2020-12,City of London Police,City of London Police,-0.076095,51.512462,On or near Vine Street,E01000005,City of London 001E,Robbery,Investigation complete; no suspect identified,
321d2ff609c336211484522c1e67c8f67b05a246592d0141f833b1126daa10c5,2020-12,City of London Police,City of London Police,-0.073515,51.510414,On or near Parking Area,E01000005,City of London 001E,Vehicle crime,Investigation complete; no suspect identified,
4101f3376dd62d435b6b81917b87dd91ab65dddb86198902b32ffa57525ddcf2,2020-12,City of London Police,City of London Police,-0.073254,51.512856,On or near Mansell Street,E01000005,City of London 001E,Violence and sexual offences,Unable to prosecute suspect,
8d871f92a8cc83e11308d8e31970a4300b63ef211d715d5233bbba9cd65c75f2,2020-12,City of London Police,City of London Police,-0.073254,51.512856,On or near Mansell Street,E01000005,City of London 001E,Violence and sexual offences,Court result unavailable,
da27f9aaf583630268bc200b39f4f5132d918f912f98a7f57612be4cea6d6457,2020-12,City of London Police,City of London Police,-0.078250,51.515033,On or near Houndsditch,E01000005,City of London 001E,Violence and sexual offences,Investigation complete; no suspect identified,
6cd66ad908acaa6adfd9cc02b25fdcbbeb5ce7a9224b9bdf31bab74ed4d7721f,2020-12,City of London Police,City of London Police,-0.078250,51.515033,On or near Houndsditch,E01000005,City of London 001E,Violence and sexual offences,Investigation complete; no suspect identified,
eea338b62b3f76e04a1af658eca847e1c407868dc5e849497507b972228732a6,2020-12,City of London Police,City of London Police,-0.074958,51.514151,On or near Aldgate High Street,E01000005,City of London 001E,Violence and sexual offences,Offender given a caution,
9133a0f6ceee8adcdc11d1f6c73601b4345a16cd9ce0887c98de9d4cbf8900c0,2020-12,City of London Police,City of London Police,-0.073254,51.512856,On or near Mansell Street,E01000005,City of London 001E,Violence and sexual offences,Unable to prosecute suspect,
3045330a3e4b6d20334fc9f106dd01376c41a7ba229c4a9fdfa099f0095f02f0,2020-12,City of London Police,City of London Police,-0.077224,51.516122,On or near Shopping Area,E01000005,City of London 001E,Violence and sexual offences,Unable to prosecute suspect,
,2020-12,City of London Police,City of London Police,-0.083618,51.517288,On or near Broad Street Avenue,E01032739,City of London 001F,Anti-social behaviour,,
,2020-12,City of London Police,City of London Police,-0.082628,51.518189,On or near Sun Street Passage,E01032739,City of London 001F,Anti-social behaviour,,
,2020-12,City of London Police,City of London Police,-0.077777,51.518046,On or near Sandy'S Row,E01032739,City of London 001F,Anti-social behaviour,,
,2020-12,City of London Police,City of London Police,-0.092865,51.510182,On or near Parking Area,E01032739,City of London 001F,Anti-social behaviour,,
,2020-12,City of London Police,City of London Police,-0.092865,51.510182,On or near Parking Area,E01032739,City of London 001F,Anti-social behaviour,,
,2020-12,City of London Police,City of London Police,-0.092865,51.510182,On or near Parking Area,E01032739,City of London 001F,Anti-social behaviour,,
,2020-12,City of London Police,City of London Police,-0.084983,51.510494,On or near Supermarket,E01032739,City of London 001F,Anti-social behaviour,,
,2020-12,City of London Police,City of London Police,-0.092865,51.510182,On or near Parking Area,E01032739,City of London 001F,Anti-social behaviour,,
,2020-12,City of London Police,City of London Police,-0.092865,51.510182,On or near Parking Area,E01032739,City of London 001F,Anti-social behaviour,,
,2020-12,City of London Police,City of London Police,-0.084105,51.515281,On or near Conference/Exhibition Centre,E01032739,City of London 001F,Anti-social behaviour,,
,2020-12,City of London Police,City of London Police,-0.085833,51.513952,On or near Finch Lane,E01032739,City of London 001F,Anti-social behaviour,,
,2020-12,City of London Police,City of London Police,-0.084284,51.510671,On or near Eastcheap,E01032739,City of London 001F,Anti-social behaviour,,
,2020-12,City of London Police,City of London Police,-0.081516,51.510014,On or near Great Tower Street,E01032739,City of London 001F,Anti-social behaviour,,
,2020-12,City of London Police,City of London Police,-0.094628,51.514203,On or near Cheapside,E01032739,City of London 001F,Anti-social behaviour,,
,2020-12,City of London Police,City of London Police,-0.079287,51.511956,On or near Fenchurch Place,E01032739,City of London 001F,Anti-social behaviour,,
,2020-12,City of London Police,City of London Police,-0.085310,51.518511,On or near Eldon Street,E01032739,City of London 001F,Anti-social behaviour,,
,2020-12,City of London Police,City of London Police,-0.081832,51.514507,On or near Undershaft,E01032739,City of London 001F,Anti-social behaviour,,
,2020-12,City of London Police,City of London Police,-0.089451,51.517032,On or near Bus/Coach Station,E01032739,City of London 001F,Anti-social behaviour,,
,2020-12,City of London Police,City of London Police,-0.080376,51.517244,On or near Supermarket,E01032739,City of London 001F,Anti-social behaviour,,
,2020-12,City of London Police,City of London Police,-0.083296,51.517058,On or near Old Broad Street,E01032739,City of London 001F,Anti-social behaviour,,
,2020-12,City of London Police,City of London Police,-0.081890,51.515173,On or near St Helen'S Place,E01032739,City of London 001F,Anti-social behaviour,,
,2020-12,City of London Police,City of London Police,-0.085355,51.510563,On or near Pudding Lane,E01032739,City of London 001F,Anti-social behaviour,,
,2020-12,City of London Police,City of London Police,-0.096659,51.511133,On or near Upper Thames Street,E01032739,City of London 001F,Anti-social behaviour,,
,2020-12,City of London Police,City of London Police,-0.093493,51.513447,On or near Bow Lane,E01032739,City of London 001F,Anti-social behaviour,,
,2020-12,City of London Police,City of London Police,-0.084967,51.512598,On or near Bell Inn Yard,E01032739,City of London 001F,Anti-social behaviour,,
,2020-12,City of London Police,City of London Police,-0.083618,51.517288,On or near Broad Street Avenue,E01032739,City of London 001F,Anti-social behaviour,,
,2020-12,City of London Police,City of London Police,-0.083417,51.513148,On or near Whittington Avenue,E01032739,City of London 001F,Anti-social behaviour,,
,2020-12,City of London Police,City of London Police,-0.096814,51.512952,On or near St Paul'S Church Yard,E01032739,City of London 001F,Anti-social behaviour,,
,2020-12,City of London Police,City of London Police,-0.089451,51.517032,On or near Bus/Coach Station,E01032739,City of London 001F,Anti-social behaviour,,
,2020-12,City of London Police,City of London Police,-0.082913,51.513463,On or near Leadenhall Street,E01032739,City of London 001F,Anti-social behaviour,,
,2020-12,City of London Police,City of London Police,-0.080234,51.516855,On or near Devonshire Row,E01032739,City of London 001F,Anti-social behaviour,,
91395657363f99cf4b4b03dd3d44333d4f344ef6ef362f7f19d1e9586091ffbc,2020-12,City of London Police,City of London Police,-0.090847,51.511237,On or near Scott'S Yard,E01032739,City of London 001F,Bicycle theft,Investigation complete; no suspect identified,
d9e4385af0c90b35f557f3fcd4772ace18b499242b6a565c52a4c5bf898e3280,2020-12,City of London Police,City of London Police,-0.087118,51.513199,On or near Nightclub,E01032739,City of London 001F,Bicycle theft,Investigation complete; no suspect identified,
ac2184f11f5ee8d6a50e3ff0254a6d960b541d9a363ca049757a702f5c7a228f,2020-12,City of London Police,City of London Police,-0.084701,51.509320,On or near Lower Thames Street,E01032739,City of London 001F,Bicycle theft,Investigation complete; no suspect identified,
f36a5749d1045a82d5738b12610dbe4fea2b4113d638cca31f5e3527bff3279a,2020-12,City of London Police,City of London Police,-0.080952,51.514528,On or near St Mary Axe,E01032739,City of London 001F,Bicycle theft,Investigation complete; no suspect identified,
99c1a53efb78db1063b31e71740c2aed6fb37ea98046700553da6ac084c51706,2020-12,City of London Police,City of London Police,-0.091494,51.510924,On or near College Street,E01032739,City of London 001F,Bicycle theft,Investigation complete; no suspect identified,
247a796d2dd3b3a7973557d831d11bd9724f74e7b06fd69f3bc3394c0938be1d,2020-12,City of London Police,City of London Police,-0.082512,51.512387,On or near Lime Street,E01032739,City of London 001F,Bicycle theft,Investigation complete; no suspect identified,
e6122643d9db8de2d61f8a6b86f03d41c6aea674cbf274ccc91e7a2d57f75f97,2020-12,City of London Police,City of London Police,-0.082458,51.517431,On or near Liverpool Street,E01032739,City of London 001F,Bicycle theft,Investigation complete; no suspect identified,
288e9591bbb7ffa3b0752eec4339d96d11948e6468f40d02e0e69b564dae14e2,2020-12,City of London Police,City of London Police,-0.087606,51.515653,On or near Throgmorton Avenue,E01032739,City of London 001F,Burglary,Court result unavailable,
ac9272aad13c526a4218b763c002114012d9ab0cfc09d7d5ef9b868a99c1f4c1,2020-12,City of London Police,City of London Police,-0.083120,51.510598,On or near Great Tower Street,E01032739,City of London 001F,Burglary,Investigation complete; no suspect identified,
4b3af181c820ec07761c081a9b8c14257d21f5dc2fba379568b97401b7b218cb,2020-12,City of London Police,City of London Police,-0.100179,51.514158,On or near Shopping Area,E01032739,City of London 001F,Criminal damage and arson,Investigation complete; no suspect identified,
80531104b8291b451d0e1ac05f23828f762ed48b19af449d027b1447e1be2e86,2020-12,City of London Police,City of London Police,-0.085310,51.518511,On or near Eldon Street,E01032739,City of London 001F,Criminal damage and arson,Court result unavailable,
94878e02dfadd4b4da927f2a7cc172bc7cd891923ed5a8142edbccc0670eb2f0,2020-12,City of London Police,City of London Police,-0.082458,51.517431,On or near Liverpool Street,E01032739,City of London 001F,Criminal damage and arson,Investigation complete; no suspect identified,
1de383a26e6f46adba0feb54af88f12da57521a68f54c0af32523048bf6fed76,2020-12,City of London Police,City of London Police,-0.098777,51.512526,On or near Knightrider Street,E01032739,City of London 001F,Criminal damage and arson,Investigation complete; no suspect identified,
efb7d0ac898d45db1c18bf3edf8ff7a3213ea0c03713cec42b5f705645def78d,2020-12,City of London Police,City of London Police,-0.094628,51.514203,On or near Cheapside,E01032739,City of London 001F,Criminal damage and arson,Court result unavailable,
66a136266a05fe0b1777c7dd84aa04e8e96f1d2a553eccecc3a33dd45b311708,2020-12,City of London Police,City of London Police,-0.096814,51.512952,On or near St Paul'S Church Yard,E01032739,City of London 001F,Criminal damage and arson,Offender given a caution,
5bdef8f674c4c2df4c12a7468ff9776060fbdc9799b8e5b14107a1803a6e47c7,2020-12,City of London Police,City of London Police,-0.094720,51.514420,On or near Wood Street,E01032739,City of London 001F,Criminal damage and arson,Status update unavailable,
5d8d2542d501044aa6831c235f787aa00e567d5ff8c90b19a5a1cc103d2890b9,2020-12,City of London Police,City of London Police,-0.091108,51.511529,On or near Cloak Lane,E01032739,City of London 001F,Criminal damage and arson,Investigation complete; no suspect identified,
0eabd5b8755a9635eac9c4cc97d0d9f03472195e1e9275e943cf559dfafcff19,2020-12,City of London Police,City of London Police,-0.097973,51.512108,On or near Distaff Lane,E01032739,City of London 001F,Drugs,Offender given a drugs possession warning,
77897666f2cb8c9a2b32e4ade7af2f7ed0986c091705b4801a0cad4c869caabd,2020-12,City of London Police,City of London Police,-0.081620,51.516814,On or near Alderman'S Walk,E01032739,City of London 001F,Drugs,Formal action is not in the public interest,
7e5f5d43056f4d004e8351ea20ebbed0bde6b7204559f6f0045af982efba5a14,2020-12,City of London Police,City of London Police,-0.080376,51.517244,On or near Supermarket,E01032739,City of London 001F,Drugs,Status update unavailable,
35641739c46cb021bd79394da2dc08d157c61d98ea11fb57e26ef88317a94ea8,2020-12,City of London Police,City of London Police,-0.084967,51.512598,On or near Bell Inn Yard,E01032739,City of London 001F,Drugs,Offender given a caution,
78112bfa0e8ff069240b58bdf123a3f5facf1ad35e08bd248ed8e3bf8e35bdcd,2020-12,City of London Police,City of London Police,-0.088843,51.509532,On or near Parking Area,E01032739,City of London 001F,Drugs,Offender given a drugs possession warning,
90964140b2086b82e96f1410b6b81e76ffb4d85887eede8edf24fc245b932664,2020-12,City of London Police,City of London Police,-0.081580,51.520510,On or near Pindar Street,E01032739,City of London 001F,Drugs,Offender given a drugs possession warning,
af43a6902f63201ff9301aeb56de2528766dfaa191bbdd337ffde79fab19e2d1,2020-12,City of London Police,City of London Police,-0.081516,51.510014,On or near Great Tower Street,E01032739,City of London 001F,Drugs,Offender given a drugs possession warning,
748ada21888ab47ccd6273cff489d148abacc3c8fff19202f59f800a7b46a949,2020-12,City of London Police,City of London Police,-0.088843,51.509532,On or near Parking Area,E01032739,City of London 001F,Drugs,Status update unavailable,
37d7bc8a838ff88120c4ca88e91ba972db0d27dcbe94d0117ca44dda00f0caeb,2020-12,City of London Police,City of London Police,-0.100202,51.513268,On or near Dean'S Court,E01032739,City of London 001F,Drugs,Court result unavailable,
57a7585b938e9d6aa4b7035050a4a6519067911b48640e85ed699086543508d5,2020-12,City of London Police,City of London Police,-0.096900,51.510868,On or near Broken Wharf,E01032739,City of London 001F,Drugs,Unable to prosecute suspect,
af20d939ed1d50ae4569a61a95f941b39eea4db372695186f9b30944ef4632e7,2020-12,City of London Police,City of London Police,-0.089451,51.517032,On or near Bus/Coach Station,E01032739,City of London 001F,Drugs,Offender given a caution,
e65e4bf6b647cec3d9c429a1e4509e966990effb25f4d3d4252d18831407158c,2020-12,City of London Police,City of London Police,-0.089451,51.517032,On or near Bus/Coach Station,E01032739,City of London 001F,Drugs,Offender given a drugs possession warning,
3e90e858287651f293bdbe69cc77685f8af98152432e77d174d725ef89317092,2020-12,City of London Police,City of London Police,-0.082628,51.518189,On or near Sun Street Passage,E01032739,City of London 001F,Drugs,Offender given a drugs possession warning,
0a4fc8575b023643eabb7d64f29a0535171ae43f0849bb87c533f00a5bd86d0f,2020-12,City of London Police,City of London Police,-0.081620,51.516814,On or near Alderman'S Walk,E01032739,City of London 001F,Drugs,Offender given penalty notice,
96532f804086acc86d28c5b7970af7ddbd2f30a39616af8095d3f4714a969ef5,2020-12,City of London Police,City of London Police,-0.101452,51.512650,On or near St Andrew'S Hill,E01032739,City of London 001F,Drugs,Awaiting court outcome,
f55aa2333aa6578e054ff924ad71988cbf08dc757686b69a0f115b05275b0714,2020-12,City of London Police,City of London Police,-0.080376,51.517244,On or near Supermarket,E01032739,City of London 001F,Drugs,Offender given a drugs possession warning,
36540f698722c484a5c9f4ea2bd7ae4e2c5e949d474d9d069c5b594c04451524,2020-12,City of London Police,City of London Police,-0.101452,51.512650,On or near St Andrew'S Hill,E01032739,City of London 001F,Drugs,Offender given a drugs possession warning,
e599ceea4310db8d49838427418d43a1e87662a4aeb1c2f13958bef1ce6e919a,2020-12,City of London Police,City of London Police,-0.085014,51.509775,On or near Monument Street,E01032739,City of London 001F,Drugs,Offender given a drugs possession warning,
8d28557b73da0a1ccfc2f6b6c2ee2bc8b1f69add5845cd1a9711e8584b73a4fb,2020-12,City of London Police,City of London Police,-0.089451,51.517032,On or near Bus/Coach Station,E01032739,City of London 001F,Drugs,Unable to prosecute suspect,
874420849abfa7fc367ed4433148207293b2566175c2fb7c9177babb24949add,2020-12,City of London Police,City of London Police,-0.100179,51.514158,On or near Shopping Area,E01032739,City of London 001F,Drugs,Offender given a drugs possession warning,
459e316ae458fa9f54cd525ff3bb584f4ebf436109b8ad572a90e7790d2da86d,2020-12,City of London Police,City of London Police,-0.079448,51.511554,On or near Fenchurch Place,E01032739,City of London 001F,Drugs,Awaiting court outcome,
621d3956df51c2024fffbde63d92f1ba7673b2ad80bcae44bfff82aef82ae9e9,2020-12,City of London Police,City of London Police,-0.100179,51.514158,On or near Shopping Area,E01032739,City of London 001F,Drugs,Offender given a drugs possession warning,
96895bd237e0a4c2105cb415cfa15643b5a79617e136878f629a0e0581067073,2020-12,City of London Police,City of London Police,-0.100179,51.514158,On or near Shopping Area,E01032739,City of London 001F,Drugs,Offender given a drugs possession warning,
22c1cc09bac25a9cb08d5f21df89f1c3c5703818a698e292139e7bf6d83dd1af,2020-12,City of London Police,City of London Police,-0.084701,51.509320,On or near Lower Thames Street,E01032739,City of London 001F,Drugs,Offender given a caution,
7bcfc36a5932843c3dcffbc5cc6ffe780fbec381280a7de415616ae47fa35a97,2020-12,City of London Police,City of London Police,-0.087760,51.517149,On or near London Wall,E01032739,City of London 001F,Drugs,Status update unavailable,
93f6c29a3956a784089308227ab274618428460352dea6d2208da64d42b363c4,2020-12,City of London Police,City of London Police,-0.091151,51.516026,On or near Basinghall Street,E01032739,City of London 001F,Drugs,Offender given a drugs possession warning,
2bf0c3868051f92d7014c4ceda6b142bbbf750f83f0791232cf93b14b0abbffd,2020-12,City of London Police,City of London Police,-0.089716,51.514501,On or near Prince'S Street,E01032739,City of London 001F,Drugs,Offender given a drugs possession warning,
929194e5f2dc15359479ad1b495ba1926ef9c48a132a6168af02509289e19ec3,2020-12,City of London Police,City of London Police,-0.079398,51.516508,On or near Devonshire Square,E01032739,City of London 001F,Drugs,Offender given a drugs possession warning,
acd946101b82b2807d558b1e6ef3c32408384ca8e8d00d1fe8b1245c7006f2ee,2020-12,City of London Police,City of London Police,-0.080376,51.517244,On or near Supermarket,E01032739,City of London 001F,Drugs,Court result unavailable,
65c3b7edcd60866e7001b555ac0d348cd918054133ba3636272ef0256ec4a98c,2020-12,City of London Police,City of London Police,-0.086272,51.513114,On or near Birchin Lane,E01032739,City of London 001F,Drugs,Offender given a drugs possession warning,
2af9dd4740f589e6a9165b686867da354bdcda1b6099d6567f70201842269bbf,2020-12,City of London Police,City of London Police,-0.104494,51.509848,On or near A201,E01032739,City of London 001F,Drugs,Offender given a drugs possession warning,
0a03b6045d8ebebf59e5500185238e053490fbd5887a7550e6ed446c2f0f4d8f,2020-12,City of London Police,City of London Police,-0.096363,51.513377,On or near New Change,E01032739,City of London 001F,Drugs,Offender given a caution,
2cfd8c8cf8772b948687875764e81342b8c5c57403898091fb9157373509877e,2020-12,City of London Police,City of London Police,-0.081620,51.516814,On or near Alderman'S Walk,E01032739,City of London 001F,Drugs,Local resolution,
864fbcfbc7f03788699cb8a3c26182971d558b8881cd9b323fb806425c7c662d,2020-12,City of London Police,City of London Police,-0.102411,51.512117,On or near Queen Victoria Street,E01032739,City of London 001F,Other theft,Investigation complete; no suspect identified,
03c4bb447f784643c4592df58af275458ea10c0c76d0a60a0edfbf4a4f649f46,2020-12,City of London Police,City of London Police,-0.083417,51.513148,On or near Whittington Avenue,E01032739,City of London 001F,Other theft,Unable to prosecute suspect,
206dfd76ec52db29b21c595615dcb5bdebb414112b9e19cf3cb725ce7dbb06f9,2020-12,City of London Police,City of London Police,-0.096363,51.513377,On or near New Change,E01032739,City of London 001F,Other theft,Investigation complete; no suspect identified,
17607b604f1595d8551006e6ef8d4c7daccf713197de20966b64b61599973385,2020-12,City of London Police,City of London Police,-0.082458,51.517431,On or near Liverpool Street,E01032739,City of London 001F,Other theft,Status update unavailable,
533884cabcb363bbd723662411cc018c8cfde0ec3ecded3aa3e32cf9fb87849d,2020-12,City of London Police,City of London Police,-0.083296,51.517058,On or near Old Broad Street,E01032739,City of London 001F,Other theft,Investigation complete; no suspect identified,
5be0f18eac59b797b06d8060d1af365a5b2e9bba9ea96a8991bf14daa55b96f2,2020-12,City of London Police,City of London Police,-0.088203,51.518262,On or near Moorgate,E01032739,City of London 001F,Other theft,Investigation complete; no suspect identified,
54ca5f626f5ccba486dc980d155b9197d2834c7b1c1f0e280f71df0141043b03,2020-12,City of London Police,City of London Police,-0.082458,51.517431,On or near Liverpool Street,E01032739,City of London 001F,Other theft,Investigation complete; no suspect identified,
c0063655634fe149e18d7d8c86644755440821c892874725e16ff447ba871288,2020-12,City of London Police,City of London Police,-0.100748,51.515031,On or near Warwick Lane,E01032739,City of London 001F,Other theft,Investigation complete; no suspect identified,
ea159a7b1b3faaf80b64284c1ef1700c2083f03d3ca0ce4633cbb4874e307919,2020-12,City of London Police,City of London Police,-0.082458,51.517431,On or near Liverpool Street,E01032739,City of London 001F,Other theft,Investigation complete; no suspect identified,
0a25df1222f575f54f1bd66894e96469c909f2290112c40f6fca8df52205bdf8,2020-12,City of London Police,City of London Police,-0.085355,51.510563,On or near Pudding Lane,E01032739,City of London 001F,Other theft,Investigation complete; no suspect identified,
e2758b71537c8254d718f37d17db81ec58e1b32cf0425d7a462064efecd349b3,2020-12,City of London Police,City of London Police,-0.079398,51.516508,On or near Devonshire Square,E01032739,City of London 001F,Other theft,Investigation complete; no suspect identified,
fd48da52cc2371a48a29d009dbe5e6e045de1c4aa728850091b8dc41d251c55d,2020-12,City of London Police,City of London Police,-0.082458,51.517431,On or near Liverpool Street,E01032739,City of London 001F,Other theft,Investigation complete; no suspect identified,
d934a610a57c14de17b4dfb99234d5fedb927eea9ebabe8cf49c020f94f4acef,2020-12,City of London Police,City of London Police,-0.083417,51.513148,On or near Whittington Avenue,E01032739,City of London 001F,Other theft,Investigation complete; no suspect identified,
c43aa3bf7fe29c94ef53241627571d55eb3e34ce39bed4b0ce22d829f7b99215,2020-12,City of London Police,City of London Police,-0.086278,51.509876,On or near Fish Street Hill,E01032739,City of London 001F,Other theft,Investigation complete; no suspect identified,
527a00155494ce96cd16cb64f51afd44b204995cecf274f27d7d61da1c27b728,2020-12,City of London Police,City of London Police,-0.082965,51.516351,On or near Wormwood Street,E01032739,City of London 001F,Other theft,Investigation complete; no suspect identified,
8234d7f1bbb39380428ec6c08739e37c64ed5f0ecdf296182c27b4fb590bef61,2020-12,City of London Police,City of London Police,-0.081620,51.516814,On or near Alderman'S Walk,E01032739,City of London 001F,Other theft,Investigation complete; no suspect identified,
1fa91bc83b170aa359d1a1adf9fee307078ead58d0c27823c71ca6d1bc0f5a85,2020-12,City of London Police,City of London Police,-0.081516,51.510014,On or near Great Tower Street,E01032739,City of London 001F,Other theft,Unable to prosecute suspect,
511031c60424ab435187d08f0a9cb5b80f8abf0f939bb2e7a8992669e9c26844,2020-12,City of London Police,City of London Police,-0.082571,51.514753,On or near Great St Helen'S,E01032739,City of London 001F,Other theft,Investigation complete; no suspect identified,
d0c375b63198563091cd6c6ea8e91843c3fa37f90d6309f0c2c1206a7de14925,2020-12,City of London Police,City of London Police,-0.079786,51.517576,On or near Police Station,E01032739,City of London 001F,Other theft,Investigation complete; no suspect identified,
70ddd6f61c3f95033407908bd371917205fc1cf4c247fdee16ddcd0809c1aab7,2020-12,City of London Police,City of London Police,-0.077777,51.518046,On or near Sandy'S Row,E01032739,City of London 001F,Other theft,Investigation complete; no suspect identified,
4a234fd115cc3a8e5f4984ecc7308369fea6f95072639671a65a80215ceb164d,2020-12,City of London Police,City of London Police,-0.087763,51.516393,On or near Copthall Avenue,E01032739,City of London 001F,Other theft,Investigation complete; no suspect identified,
8ae0c0d7a16a20a4c1f698f50a01a56cd08e31eb0e2866cd4e08bb1293c8c695,2020-12,City of London Police,City of London Police,-0.090710,51.513132,On or near Queen Victoria Street,E01032739,City of London 001F,Other theft,Investigation complete; no suspect identified,
df8debb0771ccc476413cf70130d858068eebd672a3ca77b2c5fd373e3034c94,2020-12,City of London Police,City of London Police,-0.080318,51.520678,On or near Primrose Street,E01032739,City of London 001F,Possession of weapons,Investigation complete; no suspect identified,
d2e1e516715e5eacf81179afcbc150b5eb7e289d76d9708a0097643b0d4d4c44,2020-12,City of London Police,City of London Police,-0.084967,51.512598,On or near Bell Inn Yard,E01032739,City of London 001F,Possession of weapons,Investigation complete; no suspect identified,
454cbbabecc1eb879196ece749b2052dd9fff0f55322bb84f7d38ba0ea32245c,2020-12,City of London Police,City of London Police,-0.088203,51.518262,On or near Moorgate,E01032739,City of London 001F,Possession of weapons,Unable to prosecute suspect,
165b58bd5c4fa4014a5b09f7e1f1c15663d8910402ff338ebbb8baae8d9bd837,2020-12,City of London Police,City of London Police,-0.096363,51.513377,On or near New Change,E01032739,City of London 001F,Public order,Unable to prosecute suspect,
2e6e3b34161a4a172161eae8d14255cdff17aed0496512112e81378df1ff4207,2020-12,City of London Police,City of London Police,-0.094720,51.514420,On or near Wood Street,E01032739,City of London 001F,Public order,Investigation complete; no suspect identified,
d7384bdc402253bf7bf53a02c2b13ddb436e18174bfb5ddb254b29180ed06d72,2020-12,City of London Police,City of London Police,-0.084967,51.512598,On or near Bell Inn Yard,E01032739,City of London 001F,Public order,Court result unavailable,
d7384bdc402253bf7bf53a02c2b13ddb436e18174bfb5ddb254b29180ed06d72,2020-12,City of London Police,City of London Police,-0.087780,51.508066,On or near Borough High Street,E01032739,City of London 001F,Public order,Status update unavailable,
51212cd365580203923ac95291f85a2249de2ee68827cfcca8b4fac6b076e89e,2020-12,City of London Police,City of London Police,-0.092077,51.512147,On or near Tower Royal,E01032739,City of London 001F,Public order,Investigation complete; no suspect identified,
6262b90b27c108768f51c989a2bc67b6598035a73408cd1a9d70c9767a070b81,2020-12,City of London Police,City of London Police,-0.101452,51.512650,On or near St Andrew'S Hill,E01032739,City of London 001F,Public order,Investigation complete; no suspect identified,
a32c5d5cc69b663e54045862e527131faf5a37a3dc9e34672ea3d629e1d86c41,2020-12,City of London Police,City of London Police,-0.101452,51.512650,On or near St Andrew'S Hill,E01032739,City of London 001F,Public order,Investigation complete; no suspect identified,
9ea7044dfaaceb63b29f0442ded383848a2ff78a6a2741d287582be95a33062e,2020-12,City of London Police,City of London Police,-0.085014,51.509775,On or near Monument Street,E01032739,City of London 001F,Public order,Court result unavailable,
d4a53373fc964821a5f9d8971fe79a8893906cdb2140fbc92a9aa0bee5fe2ba3,2020-12,City of London Police,City of London Police,-0.100202,51.513268,On or near Dean'S Court,E01032739,City of London 001F,Public order,Court result unavailable,
608ebe62853be38d8518adeb22dc95cd1d1638c67d43f656b3f8c0005e1dfc78,2020-12,City of London Police,City of London Police,-0.083417,51.513148,On or near Whittington Avenue,E01032739,City of London 001F,Public order,Unable to prosecute suspect,
8a070d1cb6e1ac060f289309d90dd0466179113b6da5558604bf8ab967cfc5dc,2020-12,City of London Police,City of London Police,-0.077578,51.510795,On or near Pepys Street,E01032739,City of London 001F,Public order,Awaiting court outcome,
f64b80ae2e460684d03f1881e96c53ec2bbdf5825eaa9696ad28ca0e6cdff5a1,2020-12,City of London Police,City of London Police,-0.082458,51.517431,On or near Liverpool Street,E01032739,City of London 001F,Robbery,Investigation complete; no suspect identified,
e47168a2da74a5e7bba2b31bfc039bd305476eb411581a369b4483d9182fe831,2020-12,City of London Police,City of London Police,-0.084983,51.510494,On or near Supermarket,E01032739,City of London 001F,Robbery,Investigation complete; no suspect identified,
453b7bd705fe3d40b04fd4be6c257f4ed4b9f9f2c1de61e99bee313d86c40f5b,2020-12,City of London Police,City of London Police,-0.096075,51.514766,On or near Foster Lane,E01032739,City of London 001F,Robbery,Status update unavailable,
d108d2074dc3c95ac1a0417f0a1e47a22d41fd58c6561b4fe67388a0a911564f,2020-12,City of London Police,City of London Police,-0.096363,51.513377,On or near New Change,E01032739,City of London 001F,Robbery,Investigation complete; no suspect identified,
de275879c836bf8bcdbcb547625dfe42bc9b7c98d1ea05cfb5df2d0cf10f182a,2020-12,City of London Police,City of London Police,-0.091720,51.513454,On or near Supermarket,E01032739,City of London 001F,Shoplifting,Status update unavailable,
c508c822df192c347fd0830706d12bf1d986d6b60f8067a47356728f3eabf78a,2020-12,City of London Police,City of London Police,-0.091108,51.511529,On or near Cloak Lane,E01032739,City of London 001F,Shoplifting,Investigation complete; no suspect identified,
11d4ce4c0f10c59bbbf5e73ab56948bd9d2f731555f683fad66f03994677c639,2020-12,City of London Police,City of London Police,-0.080376,51.517244,On or near Supermarket,E01032739,City of London 001F,Shoplifting,Offender given a caution,
7f80c6e34c3d9126838829924b2c31c1d090833e17a35ec8955e2353e0e5991f,2020-12,City of London Police,City of London Police,-0.083296,51.517058,On or near Old Broad Street,E01032739,City of London 001F,Shoplifting,Investigation complete; no suspect identified,
8f249d11d34c1b1d51d3df6b05a8440bd3094a47651ba10714cd21da852d8c7e,2020-12,City of London Police,City of London Police,-0.077694,51.513171,On or near Aldgate,E01032739,City of London 001F,Shoplifting,Investigation complete; no suspect identified,
b29932d01a0eff6a41b505dc1f38f8552ae1116fadaae7ca6d736477199fc567,2020-12,City of London Police,City of London Police,-0.094720,51.514420,On or near Wood Street,E01032739,City of London 001F,Shoplifting,Investigation complete; no suspect identified,
235fbbedcd946babc008058ed71da9b557132ff96a9807a43206bc1a698eba57,2020-12,City of London Police,City of London Police,-0.094720,51.514420,On or near Wood Street,E01032739,City of London 001F,Shoplifting,Investigation complete; no suspect identified,
98621c82ed0008995c39039e7bb451f96438a726ab36a981fa05075d0e2263c9,2020-12,City of London Police,City of London Police,-0.104001,51.513051,On or near Apothecary Street,E01032739,City of London 001F,Shoplifting,Investigation complete; no suspect identified,
ca3ed7d86491b9da237105753ba55ff6e3909d9f9f1c45d4f2dcdd62cd787e86,2020-12,City of London Police,City of London Police,-0.083993,51.511440,On or near Philpot Lane,E01032739,City of London 001F,Shoplifting,Unable to prosecute suspect,
5935e0e0d3ea2c916f85abe10bac8a075a26bf308052cca2499d90c7d5b52650,2020-12,City of London Police,City of London Police,-0.088203,51.518262,On or near Moorgate,E01032739,City of London 001F,Shoplifting,Investigation complete; no suspect identified,
3f0264047fe7e30677eb89532f7dc8f25042fb0ad662cff3bd5df4cff3c86cc1,2020-12,City of London Police,City of London Police,-0.080376,51.517244,On or near Supermarket,E01032739,City of London 001F,Shoplifting,Unable to prosecute suspect,
622be6559ed9effe7bf7a61885b94485f1bb6656bb3d038efcd99ccbde57f37e,2020-12,City of London Police,City of London Police,-0.080376,51.517244,On or near Supermarket,E01032739,City of London 001F,Shoplifting,Court result unavailable,
4c212001d847a240b2b4efa2d384fb6e4434b9ab856779a798ae4adb2a8512e6,2020-12,City of London Police,City of London Police,-0.081620,51.516814,On or near Alderman'S Walk,E01032739,City of London 001F,Shoplifting,Status update unavailable,
2857df0bc4baf6351d2425b6643eaf2f3a72dd8b4bb9828dc4deaf8aa3721730,2020-12,City of London Police,City of London Police,-0.082628,51.518189,On or near Sun Street Passage,E01032739,City of London 001F,Shoplifting,Investigation complete; no suspect identified,
19926cd72c2ae2ed2bf9c477cf61ae0c12f17f490341434a9ddb99bd3e8605ff,2020-12,City of London Police,City of London Police,-0.084967,51.512598,On or near Bell Inn Yard,E01032739,City of London 001F,Shoplifting,Investigation complete; no suspect identified,
585da238b7a88929dc511dcb2651a0b666d391ef5b56b4112fc23835fd26ca2c,2020-12,City of London Police,City of London Police,-0.080376,51.517244,On or near Supermarket,E01032739,City of London 001F,Shoplifting,Court result unavailable,
5aa29d81d9ac60af8c61307107621d3b4e6ad0d177e1770e94f2c3d4b960d1d5,2020-12,City of London Police,City of London Police,-0.089435,51.511223,On or near Bush Lane,E01032739,City of London 001F,Shoplifting,Investigation complete; no suspect identified,
d89d6d91f56a2a9fdb80ab044f6565f265b22d996b4f280122b13446673efdb7,2020-12,City of London Police,City of London Police,-0.093257,51.513920,On or near Bow Lane,E01032739,City of London 001F,Shoplifting,Investigation complete; no suspect identified,
293df1067c55d98195af3bdbcf9e179307a9566b0f78ef7d4871ded188d32335,2020-12,City of London Police,City of London Police,-0.088203,51.518262,On or near Moorgate,E01032739,City of London 001F,Shoplifting,Status update unavailable,
2943d4603064b791ade1947e3af50c168131f6b7eef8ead6f4dde94197077a76,2020-12,City of London Police,City of London Police,-0.083296,51.517058,On or near Old Broad Street,E01032739,City of London 001F,Shoplifting,Investigation complete; no suspect identified,
5387cdfb5467250c0c2786a6060526bd873976e2ed9a4b098810d574a7f4dcf4,2020-12,City of London Police,City of London Police,-0.084967,51.512598,On or near Bell Inn Yard,E01032739,City of London 001F,Shoplifting,Investigation complete; no suspect identified,
b7d5e13a54e55f53c98c6fc732ee49cfb6df0f88529c403f2156f6e282f4343f,2020-12,City of London Police,City of London Police,-0.091720,51.513454,On or near Supermarket,E01032739,City of London 001F,Shoplifting,Status update unavailable,
fa10192e003d73d801a4083205b257abd88aff89bfe7e91e23f3db8c9551c771,2020-12,City of London Police,City of London Police,-0.080376,51.517244,On or near Supermarket,E01032739,City of London 001F,Shoplifting,Court result unavailable,
4c212001d847a240b2b4efa2d384fb6e4434b9ab856779a798ae4adb2a8512e6,2020-12,City of London Police,City of London Police,-0.080376,51.517244,On or near Supermarket,E01032739,City of London 001F,Shoplifting,Further investigation is not in the public interest,
a1614474495b22fde387d9cb36ab8e44010824b221fc33bc105ec59b2dbe9d44,2020-12,City of London Police,City of London Police,-0.082527,51.512027,On or near Cullum Street,E01032739,City of London 001F,Shoplifting,Investigation complete; no suspect identified,
614eb596ed149fcd6d70eab60453fb86787162ac6fce5befec43308391f3019c,2020-12,City of London Police,City of London Police,-0.080376,51.517244,On or near Supermarket,E01032739,City of London 001F,Shoplifting,Court result unavailable,
945fe3f8259e1b5769a7fe729f9c3498ef0f31def5cc1d4f79fc0af7851d2613,2020-12,City of London Police,City of London Police,-0.096363,51.513377,On or near New Change,E01032739,City of London 001F,Shoplifting,Court result unavailable,
9d21ab85c2c330f31d9d6d8892686580490e44d6855ac5f70b1b93c7d65af57f,2020-12,City of London Police,City of London Police,-0.084967,51.512598,On or near Bell Inn Yard,E01032739,City of London 001F,Shoplifting,Investigation complete; no suspect identified,
8cfc80afa956dddf73fa1eeab0fd15b329978112956428424ba055624fa6e5be,2020-12,City of London Police,City of London Police,-0.084983,51.510494,On or near Supermarket,E01032739,City of London 001F,Shoplifting,Court result unavailable,
a324c51e53d8e621d9d1463ff8a3beeb051ff8d7b1e76ef19d0f73c9af6917f2,2020-12,City of London Police,City of London Police,-0.080376,51.517244,On or near Supermarket,E01032739,City of London 001F,Shoplifting,Offender given a caution,
7c8d4c33b6e1d7450ab87531fd522addef1e224db6ededd39be956f111662d80,2020-12,City of London Police,City of London Police,-0.080376,51.517244,On or near Supermarket,E01032739,City of London 001F,Shoplifting,Court result unavailable,
2ab2054539541ee58ec2c6bee4f42bdbebc344fd7def5497034ae419a35009bb,2020-12,City of London Police,City of London Police,-0.080376,51.517244,On or near Supermarket,E01032739,City of London 001F,Shoplifting,Status update unavailable,
43e81060ccf55b7f12532e4ec21b3889c4a9e6fcf930690d2538d7cb39b43ebe,2020-12,City of London Police,City of London Police,-0.083296,51.517058,On or near Old Broad Street,E01032739,City of London 001F,Shoplifting,Investigation complete; no suspect identified,
06658ea1434fd6c8e10703ab07172c225baee91a5adb6b312c2c45081c5ce779,2020-12,City of London Police,City of London Police,-0.094628,51.514203,On or near Cheapside,E01032739,City of London 001F,Shoplifting,Court result unavailable,
1f9bdec6563e0651781409070088303d25e2c96ec4240b61da2aa0db4452103d,2020-12,City of London Police,City of London Police,-0.084967,51.512598,On or near Bell Inn Yard,E01032739,City of London 001F,Shoplifting,Court result unavailable,
6d65575933c50255c5405cb34109edea70a343569dcb697c29da9456e5e31d9a,2020-12,City of London Police,City of London Police,-0.080376,51.517244,On or near Supermarket,E01032739,City of London 001F,Shoplifting,Local resolution,
c6eb1e4f8bcf9408510c08fffc2a51d668108ddf9c8374ed05bbf36ce775731f,2020-12,City of London Police,City of London Police,-0.096075,51.514766,On or near Foster Lane,E01032739,City of London 001F,Shoplifting,Investigation complete; no suspect identified,
74192d61098f74b9696fcacee6166c5cba9f884e314ab7e4813244f4636eb0d4,2020-12,City of London Police,City of London Police,-0.083993,51.511440,On or near Philpot Lane,E01032739,City of London 001F,Shoplifting,Status update unavailable,
571834390e49bd31f6bc6ee785589af3a42029fc3bba7e2faacec4bd991519da,2020-12,City of London Police,City of London Police,-0.080376,51.517244,On or near Supermarket,E01032739,City of London 001F,Shoplifting,Offender given penalty notice,
591242b0585080e9892506b767bb0f5323d9a1df5a82b92c5c79ec36b436377c,2020-12,City of London Police,City of London Police,-0.090506,51.513524,On or near Poultry,E01032739,City of London 001F,Theft from the person,Investigation complete; no suspect identified,
93692f263bfbfdec664501603e5ac81092bb2c7671ee3c514e77162361a73381,2020-12,City of London Police,City of London Police,-0.092077,51.512147,On or near Tower Royal,E01032739,City of London 001F,Theft from the person,Status update unavailable,
cf7bda9a3bc1c0969cc8a00b9301ae22c3fc3c0be25af99526f6b8626284dc81,2020-12,City of London Police,City of London Police,-0.096561,51.514513,On or near Cheapside,E01032739,City of London 001F,Theft from the person,Status update unavailable,
b070708874a1a65c55bcc4f381a45de5cf1e40c17eb07883137596dccf03ec20,2020-12,City of London Police,City of London Police,-0.081620,51.516814,On or near Alderman'S Walk,E01032739,City of London 001F,Theft from the person,Investigation complete; no suspect identified,
93692f263bfbfdec664501603e5ac81092bb2c7671ee3c514e77162361a73381,2020-12,City of London Police,City of London Police,-0.088393,51.511332,On or near Abchurch Lane,E01032739,City of London 001F,Theft from the person,Investigation complete; no suspect identified,
fa7951228384fdb57ec29feefac46ee4befdf4b309f30050abb1f9a3302856d4,2020-12,City of London Police,City of London Police,-0.087780,51.508066,On or near Borough High Street,E01032739,City of London 001F,Theft from the person,Investigation complete; no suspect identified,
5657815b6a9d725d3fe432decaa674a5ec27b5f735337ac485d1799c166ea29d,2020-12,City of London Police,City of London Police,-0.089582,51.511495,On or near Cannon Street,E01032739,City of London 001F,Theft from the person,Investigation complete; no suspect identified,
1c5c63e2a9fa99283951025ee4e2463a3d69f0c37310ed24a035fd07b47bc1fe,2020-12,City of London Police,City of London Police,-0.104275,51.511661,On or near Victoria Embankment,E01032739,City of London 001F,Theft from the person,Investigation complete; no suspect identified,
2832bed0becf6cca042f4e92733702634ccc1825e8198e4b674ae01780a84a5a,2020-12,City of London Police,City of London Police,-0.084284,51.510671,On or near Eastcheap,E01032739,City of London 001F,Theft from the person,Investigation complete; no suspect identified,
fe63aa4c65f2979bae13546ae08dd4eff884198cf95a0a8b42be5920b59ee3b7,2020-12,City of London Police,City of London Police,-0.101452,51.512650,On or near St Andrew'S Hill,E01032739,City of London 001F,Theft from the person,Investigation complete; no suspect identified,
77c0aaf4af2a2ba0e21c0b9c22c49c5cbf6061d3f7bdc0d3079e7aa101e59af7,2020-12,City of London Police,City of London Police,-0.087780,51.508066,On or near Borough High Street,E01032739,City of London 001F,Theft from the person,Investigation complete; no suspect identified,
fa119452fe7501e4a227943e76b7a21ac679c9a9ddd67af273ef5b32b5412147,2020-12,City of London Police,City of London Police,-0.081620,51.516814,On or near Alderman'S Walk,E01032739,City of London 001F,Theft from the person,Investigation complete; no suspect identified,
eb1fb0b1e809d030b037d54bd09d9f4ff4235c9dbf9b44d884f819204a1cf2a8,2020-12,City of London Police,City of London Police,-0.091151,51.516026,On or near Basinghall Street,E01032739,City of London 001F,Theft from the person,Investigation complete; no suspect identified,
92910d9292a5b21ca70bf34f51a2d1a9efeddeb1e4baae19c847ff078a7b640d,2020-12,City of London Police,City of London Police,-0.088473,51.518374,On or near Moor Place,E01032739,City of London 001F,Theft from the person,Investigation complete; no suspect identified,
acd11942b8bdd8c2a64f5b784a8a78d890eb4febe93f168ae5bede8ad24e8fa4,2020-12,City of London Police,City of London Police,-0.104494,51.509848,On or near A201,E01032739,City of London 001F,Theft from the person,Investigation complete; no suspect identified,
cf7bda9a3bc1c0969cc8a00b9301ae22c3fc3c0be25af99526f6b8626284dc81,2020-12,City of London Police,City of London Police,-0.092077,51.512147,On or near Tower Royal,E01032739,City of London 001F,Theft from the person,Investigation complete; no suspect identified,
80fbc242468319087b154face48628cfa3f03c5dcf38b611be6c75c9ca3f169a,2020-12,City of London Police,City of London Police,-0.093398,51.512951,On or near Watling Street,E01032739,City of London 001F,Theft from the person,Investigation complete; no suspect identified,
d8d21ecc9b5c909a10aa939cb7618c130f2fe3a1e751ebcfe3aa6345723d605b,2020-12,City of London Police,City of London Police,-0.080782,51.514804,On or near St Mary Axe,E01032739,City of London 001F,Vehicle crime,Investigation complete; no suspect identified,
b451689eaf014331abb8af5c2b05b40c742d8aa3bf9d348a22b546afa6881aed,2020-12,City of London Police,City of London Police,-0.078665,51.509950,On or near Muscovy Street,E01032739,City of London 001F,Vehicle crime,Investigation complete; no suspect identified,
b56f3f8e2c83632a11d6285962878c2a8ff6864e4f53692267fc86b3563dc3e7,2020-12,City of London Police,City of London Police,-0.078856,51.518433,On or near Artillery Lane,E01032739,City of London 001F,Vehicle crime,Investigation complete; no suspect identified,
13583f7686162a28d75a7d92b7ece65eb9087b90c85be6dc8fff62c990f934fa,2020-12,City of London Police,City of London Police,-0.090506,51.513524,On or near Poultry,E01032739,City of London 001F,Vehicle crime,Investigation complete; no suspect identified,
dceebd6312bd02d2d89b01458fabf76550a43f3a8f2e38ae178c3ba5d3eb6950,2020-12,City of London Police,City of London Police,-0.084201,51.510949,On or near Philpot Lane,E01032739,City of London 001F,Vehicle crime,Investigation complete; no suspect identified,
f176e5a351880258187b49b1131d96fdfe470e9021d856219d00029a5bd615a4,2020-12,City of London Police,City of London Police,-0.086166,51.510828,On or near Eastcheap,E01032739,City of London 001F,Violence and sexual offences,Court result unavailable,
88fa6200d387d369cdf777970a2a8f8814375b8951f2a29811cd08b4948fb16a,2020-12,City of London Police,City of London Police,-0.082458,51.517431,On or near Liverpool Street,E01032739,City of London 001F,Violence and sexual offences,Status update unavailable,
3f1f415084e0edae0b26c92c91d3359d016fe85593464c5e86b2064389dee021,2020-12,City of London Police,City of London Police,-0.092077,51.512147,On or near Tower Royal,E01032739,City of London 001F,Violence and sexual offences,Unable to prosecute suspect,
b907a545f6b471becf4b8d629a65c28d59bce4c1c0c156fdb11641a5f5194678,2020-12,City of London Police,City of London Police,-0.085310,51.518511,On or near Eldon Street,E01032739,City of London 001F,Violence and sexual offences,Unable to prosecute suspect,
ae63e6b41408de32baecd32c13597be178d963255a720c9677465c6ed316a39d,2020-12,City of London Police,City of London Police,-0.080376,51.517244,On or near Supermarket,E01032739,City of London 001F,Violence and sexual offences,Court result unavailable,
ddc4c8896df7173e2b3d3e66805eb6800152de88dbee0c1d0cd7ec6a5e6609c9,2020-12,City of London Police,City of London Police,-0.092625,51.513865,On or near Cheapside,E01032739,City of London 001F,Violence and sexual offences,Investigation complete; no suspect identified,
59443807fc9f0a9622f534c3a9bb0bbffd625157d9dd0863a040c567842103cb,2020-12,City of London Police,City of London Police,-0.081549,51.511625,On or near Mincing Lane,E01032739,City of London 001F,Violence and sexual offences,Status update unavailable,
68463fb6714799ef66b538869ff0c510b21b2e92502704c99b5108fe0e8fbfa0,2020-12,City of London Police,City of London Police,-0.080376,51.517244,On or near Supermarket,E01032739,City of London 001F,Violence and sexual offences,Unable to prosecute suspect,
19b63f0b9bcd6159c5438a12fa9f3e05481ea96ad57aeae08e230923e85f4044,2020-12,City of London Police,City of London Police,-0.094628,51.514203,On or near Cheapside,E01032739,City of London 001F,Violence and sexual offences,Investigation complete; no suspect identified,
7c31ad00d91bcee227a83a6303c5c6323edc8ae97717974d5c6b27eac9c5b5c7,2020-12,City of London Police,City of London Police,-0.089698,51.511812,On or near Oxford Court,E01032739,City of London 001F,Violence and sexual offences,Status update unavailable,
9efb70cbd9eb02fcbbde5d6ac0de447e8476636b17fde3f7e687fc34f488aa70,2020-12,City of London Police,City of London Police,-0.096363,51.513377,On or near New Change,E01032739,City of London 001F,Violence and sexual offences,Investigation complete; no suspect identified,
743a94ac4b8a2fcb1687a10afc899dff42d178d780ce89cdb72e60de45dd935d,2020-12,City of London Police,City of London Police,-0.085310,51.518511,On or near Eldon Street,E01032739,City of London 001F,Violence and sexual offences,Court result unavailable,
c4fee2a0b87e9a4eba62565a697bc2e5783f6312e301efc1e893e12db931da2d,2020-12,City of London Police,City of London Police,-0.080376,51.517244,On or near Supermarket,E01032739,City of London 001F,Violence and sexual offences,Court result unavailable,
88fa6200d387d369cdf777970a2a8f8814375b8951f2a29811cd08b4948fb16a,2020-12,City of London Police,City of London Police,-0.081620,51.516814,On or near Alderman'S Walk,E01032739,City of London 001F,Violence and sexual offences,Unable to prosecute suspect,
2caa8c7a4171e2dd7e27e25632b0ccf5cd0622fb891fb6d30c0ba2870b34e7dc,2020-12,City of London Police,City of London Police,-0.079786,51.517576,On or near Police Station,E01032739,City of London 001F,Violence and sexual offences,Investigation complete; no suspect identified,
cb7f54ab5b3a2a7d258799f02c5ad87f370c0d5789df63c7f96ab233fa0545c6,2020-12,City of London Police,City of London Police,-0.087780,51.508066,On or near Borough High Street,E01032739,City of London 001F,Violence and sexual offences,Court result unavailable,
112095d008966daa3a43d7bfa439e735a2a55bb4ab3d73c14c82f85597e5366e,2020-12,City of London Police,City of London Police,-0.088995,51.512088,On or near St Swithin'S Lane,E01032739,City of London 001F,Violence and sexual offences,Awaiting court outcome,
d9b401e8dbdcdb8d665f0906e91c003d169461731a0cd535fd939f344321a9aa,2020-12,City of London Police,City of London Police,-0.087780,51.508066,On or near Borough High Street,E01032739,City of London 001F,Violence and sexual offences,Court result unavailable,
4bc4a13ad257a499f513451189fde17bec31992ff8c7d955efaa12612e173ed9,2020-12,City of London Police,City of London Police,-0.092865,51.510182,On or near Parking Area,E01032739,City of London 001F,Violence and sexual offences,Status update unavailable,
1c445ef75da5375084332162b0598387d8b8a5f7393aecf3d28a63b3aa5ef658,2020-12,City of London Police,City of London Police,-0.085173,51.518680,On or near Finsbury Avenue,E01032739,City of London 001F,Violence and sexual offences,Unable to prosecute suspect,
9bb49cff675f7238b96066735f2b2c1896e204693051b60f85d8fa3ab940f922,2020-12,City of London Police,City of London Police,-0.101073,51.513453,On or near Creed Lane,E01032739,City of London 001F,Violence and sexual offences,Court result unavailable,
4bccdef2926a11a3808b52deb67cd8eecda76354aa3ddb4de5a62f4e650aba75,2020-12,City of London Police,City of London Police,-0.096363,51.513377,On or near New Change,E01032739,City of London 001F,Violence and sexual offences,Unable to prosecute suspect,
6cd66ad908acaa6adfd9cc02b25fdcbbeb5ce7a9224b9bdf31bab74ed4d7721f,2020-12,City of London Police,City of London Police,-0.082458,51.517431,On or near Liverpool Street,E01032739,City of London 001F,Violence and sexual offences,Status update unavailable,
12d0d5dec3e4138926b0aa39da35acda3172a40d8479760df1a6c72a82eb6748,2020-12,City of London Police,City of London Police,-0.081620,51.516814,On or near Alderman'S Walk,E01032739,City of London 001F,Violence and sexual offences,Offender given a caution,
d7713943e15bd6682785992709feefaa4c9dcb1f2bcf5dde7a35d43ce09f9757,2020-12,City of London Police,City of London Police,-0.089451,51.517032,On or near Bus/Coach Station,E01032739,City of London 001F,Violence and sexual offences,Investigation complete; no suspect identified,
97c1433a66ffd54acc6414132de85c238e4059f060f2084addb5797e82f63381,2020-12,City of London Police,City of London Police,-0.079162,51.514940,On or near Bevis Marks,E01032739,City of London 001F,Other crime,Status update unavailable,
8833edc800a0f182cf0c458167c497ed42b02b57e7614298418bec0ffa5fa64b,2020-12,City of London Police,City of London Police,-0.091506,51.513037,On or near Sise Lane,E01032739,City of London 001F,Other crime,Investigation complete; no suspect identified,
f854abc1ee67fdfebc42c9441e175f1786b11e467b7dc96d3eb478fb12cd9c62,2020-12,City of London Police,City of London Police,-0.093257,51.513920,On or near Bow Lane,E01032739,City of London 001F,Other crime,Investigation complete; no suspect identified,
222d00b8ae6cde8c67ec0a2214cdd1684163b5064fc33a9224e70d5f3894559d,2020-12,City of London Police,City of London Police,-0.091506,51.513037,On or near Sise Lane,E01032739,City of London 001F,Other crime,Investigation complete; no suspect identified,
,2020-12,City of London Police,City of London Police,-0.108283,51.517526,On or near Supermarket,E01032740,City of London 001G,Anti-social behaviour,,
,2020-12,City of London Police,City of London Police,-0.107910,51.515047,On or near Gough Square,E01032740,City of London 001G,Anti-social behaviour,,
,2020-12,City of London Police,City of London Police,-0.103280,51.514109,On or near Ludgate Hill,E01032740,City of London 001G,Anti-social behaviour,,
,2020-12,City of London Police,City of London Police,-0.109647,51.514887,On or near Fetter Lane,E01032740,City of London 001G,Anti-social behaviour,,
,2020-12,City of London Police,City of London Police,-0.108231,51.513928,On or near Pleydell Street,E01032740,City of London 001G,Anti-social behaviour,,
,2020-12,City of London Police,City of London Police,-0.106680,51.515882,On or near Parking Area,E01032740,City of London 001G,Anti-social behaviour,,
a2630d74e687fd69ce291d9e8551ca65fc2e9da32dbf9b6302ee729abb30dfcc,2020-12,City of London Police,City of London Police,-0.109081,51.515327,On or near West Harding Street,E01032740,City of London 001G,Bicycle theft,Investigation complete; no suspect identified,
9c6ea1f0f7a06831bf1db74822fc8309dd157cbdae1aee8a30609a590646125f,2020-12,City of London Police,City of London Police,-0.111132,51.512420,On or near Middle Temple Lane,E01032740,City of London 001G,Bicycle theft,Investigation complete; no suspect identified,
1f4b05bb2f3e58c4c9fe211415bd21e5cc00141da816700900d8ed6d0952379f,2020-12,City of London Police,City of London Police,-0.108283,51.517526,On or near Supermarket,E01032740,City of London 001G,Burglary,Investigation complete; no suspect identified,
c20d8537ce47cabb1d13e0208c5a92f5109e78dcdbc857a91cb310ec69ab0e24,2020-12,City of London Police,City of London Police,-0.108231,51.513928,On or near Pleydell Street,E01032740,City of London 001G,Burglary,Investigation complete; no suspect identified,
884b47a0ee235314e5b2bdb0a54ff6d013d6d2a22f535153496ca0f1e56c167c,2020-12,City of London Police,City of London Police,-0.110735,51.517836,On or near Further/Higher Educational Building,E01032740,City of London 001G,Criminal damage and arson,Investigation complete; no suspect identified,
d86476854b9e45872fb7a7040d664500273a86d377369896fb81b616874144f4,2020-12,City of London Police,City of London Police,-0.106680,51.515882,On or near Parking Area,E01032740,City of London 001G,Criminal damage and arson,Investigation complete; no suspect identified,
c92be3429303658a878fb07336de77047e1ecc8a8679d1fadc1bfb8616a07ccc,2020-12,City of London Police,City of London Police,-0.112939,51.518231,On or near Southampton Buildings,E01032740,City of London 001G,Criminal damage and arson,Unable to prosecute suspect,
d80f7f10bd3003d2d53a27cc05919bbea42bf865af3bed14a890802c095ead84,2020-12,City of London Police,City of London Police,-0.108018,51.511749,On or near Temple Avenue,E01032740,City of London 001G,Drugs,Awaiting court outcome,
09287d588c70f9f17d742efe09d26db35d73a22bbfc0e8a2520ce7bf6c6982ae,2020-12,City of London Police,City of London Police,-0.104300,51.511761,On or near Pedestrian Subway,E01032740,City of London 001G,Other theft,Investigation complete; no suspect identified,
f23cc272fc5c99cc4377b8a61fb3a57831e0717fe27c158ed606c1f2f051b702,2020-12,City of London Police,City of London Police,-0.103494,51.518654,On or near Shopping Area,E01032740,City of London 001G,Other theft,Investigation complete; no suspect identified,
0cd39b09ca58d942278679a4814da6ab7c556299ab073ce48f4ee58489f9794c,2020-12,City of London Police,City of London Police,-0.104300,51.511761,On or near Pedestrian Subway,E01032740,City of London 001G,Other theft,Investigation complete; no suspect identified,
9ae3e1f1cdb82230fff0c8a268f0b17bd0fbd7406ba14cf616c7cd4ac9677bba,2020-12,City of London Police,City of London Police,-0.101320,51.519302,On or near Grand Avenue,E01032740,City of London 001G,Other theft,Offender given a caution,
9ae3e1f1cdb82230fff0c8a268f0b17bd0fbd7406ba14cf616c7cd4ac9677bba,2020-12,City of London Police,City of London Police,-0.102380,51.517728,On or near Hosier Lane,E01032740,City of London 001G,Other theft,Status update unavailable,
743b69d0a5136e5c799a618190af9feb148a7e23cfce728b5f634ca67ac6e87e,2020-12,City of London Police,City of London Police,-0.104887,51.516347,On or near Farringdon Street,E01032740,City of London 001G,Other theft,Investigation complete; no suspect identified,
3168cbf1695cdb72f3276f7284aba4bf0f13242d0d7a5f6b65118c4c94c34da1,2020-12,City of London Police,City of London Police,-0.108164,51.516571,On or near New Fetter Lane,E01032740,City of London 001G,Other theft,Investigation complete; no suspect identified,
e6d10400112649a165ca352e4a3894d2735e9b8baa4a10074c2086089b4f4fcc,2020-12,City of London Police,City of London Police,-0.101345,51.518709,On or near Parking Area,E01032740,City of London 001G,Other theft,Investigation complete; no suspect identified,
f5a82d8dddb05447972ba4b1b9bd5837c2a9d8916ffc601e9afb4f629df1c809,2020-12,City of London Police,City of London Police,-0.109647,51.514887,On or near Fetter Lane,E01032740,City of London 001G,Other theft,Investigation complete; no suspect identified,
b8e1bca14f0912763ede5422e3a4035d618812c0c7ca60e3ebef1784120e8c78,2020-12,City of London Police,City of London Police,-0.099818,51.519017,On or near Cloth Fair,E01032740,City of London 001G,Other theft,Investigation complete; no suspect identified,
1e3fa2da2912a46994445299453d473fb52378445b16661fe9e82fffe9ada0f4,2020-12,City of London Police,City of London Police,-0.101963,51.519097,On or near Conference/Exhibition Centre,E01032740,City of London 001G,Other theft,Investigation complete; no suspect identified,
2f9c9c5f5878b8c681c7520e58c13556beb14a91278000d7de9f17c635fbdea8,2020-12,City of London Police,City of London Police,-0.097962,51.519635,On or near Cloth Street,E01032740,City of London 001G,Other theft,Investigation complete; no suspect identified,
c679be52e3d1f0e8b8469f1a73263fc38859dba98ebc444dff1f66df572ff057,2020-12,City of London Police,City of London Police,-0.102741,51.513885,On or near Pageantmaster Court,E01032740,City of London 001G,Public order,Investigation complete; no suspect identified,
3502a1e70646cee57b0a334cb1bd6f4d8fea61d919d9129f0dfb3052fcade116,2020-12,City of London Police,City of London Police,-0.099818,51.519017,On or near Cloth Fair,E01032740,City of London 001G,Public order,Investigation complete; no suspect identified,
8ee2bdd7bf5fa2a458696e9f50ddf715bd6a9f3cae4f07e80c52540125a69ddb,2020-12,City of London Police,City of London Police,-0.108283,51.517526,On or near Supermarket,E01032740,City of London 001G,Robbery,Investigation complete; no suspect identified,
5041db5b840fb444afb73bf1a6c511816e981a9657f49e475e6d1e2e1e41aa50,2020-12,City of London Police,City of London Police,-0.112939,51.518231,On or near Southampton Buildings,E01032740,City of London 001G,Shoplifting,Investigation complete; no suspect identified,
493cbc8039f9caee0fd1508c389de1dfabf3bc2df1cc3570bd07cd950b12ce10,2020-12,City of London Police,City of London Police,-0.105134,51.513869,On or near Bride Lane,E01032740,City of London 001G,Shoplifting,Status update unavailable,
84aeddb825f1b7740519580f93c2589d4966187edb710e306d27807da3a82760,2020-12,City of London Police,City of London Police,-0.112939,51.518231,On or near Southampton Buildings,E01032740,City of London 001G,Shoplifting,Investigation complete; no suspect identified,
ac4fe552fc6a8eb4029c0ebd4117586fbc6928b5456774d9526835b661a8d32c,2020-12,City of London Police,City of London Police,-0.104909,51.517912,On or near Parking Area,E01032740,City of London 001G,Shoplifting,Unable to prosecute suspect,
63eb00da496e4a0b48735ef83cabda173e4364efc721d547337562305ca578a6,2020-12,City of London Police,City of London Police,-0.100884,51.516966,On or near Hospital,E01032740,City of London 001G,Theft from the person,Investigation complete; no suspect identified,
770ac4590287819deb0fa7caa24d64a700fbb11a998c4f2c8f681221a219f00a,2020-12,City of London Police,City of London Police,-0.104887,51.516347,On or near Farringdon Street,E01032740,City of London 001G,Theft from the person,Investigation complete; no suspect identified,
c11e9819565f8d54b391981d6a829f49a540c3b4080a8aadd03eaffd696ecbd9,2020-12,City of London Police,City of London Police,-0.108418,51.513581,On or near Lombard Lane,E01032740,City of London 001G,Theft from the person,Investigation complete; no suspect identified,
af41ba05cedd764e62c13709d22620dbb42cc10f356f5872edf66c22d6f98ba6,2020-12,City of London Police,City of London Police,-0.102741,51.513885,On or near Pageantmaster Court,E01032740,City of London 001G,Theft from the person,Investigation complete; no suspect identified,
0e7f080e94de448557366eb309d26995f264ba77e4e43e2da8a82bb4726c1178,2020-12,City of London Police,City of London Police,-0.109709,51.517909,On or near High Holborn,E01032740,City of London 001G,Theft from the person,Investigation complete; no suspect identified,
8184c0b5a08b6210fcef5a62f01a9cf2e560ed53391c3f40373667a2190b25e3,2020-12,City of London Police,City of London Police,-0.104887,51.516347,On or near Farringdon Street,E01032740,City of London 001G,Theft from the person,Investigation complete; no suspect identified,
4ec30e28f02d74e250a25a6b02136fb058cdc649ba15390477771bd815384dd1,2020-12,City of London Police,City of London Police,-0.112939,51.518231,On or near Southampton Buildings,E01032740,City of London 001G,Theft from the person,Investigation complete; no suspect identified,
34f51e8986fdc5503ae8d91d02d37e4f6ee72277d195dbc93a2702223d42d129,2020-12,City of London Police,City of London Police,-0.099818,51.519017,On or near Cloth Fair,E01032740,City of London 001G,Vehicle crime,Investigation complete; no suspect identified,
7a335ff142113e47a239ee6ed582f6d538d2cacc8a6390cd84c64541803bb887,2020-12,City of London Police,City of London Police,-0.104887,51.516347,On or near Farringdon Street,E01032740,City of London 001G,Violence and sexual offences,Local resolution,
585c19acc6fd89243bdf03373440cfc85056fc9b8a6ad0e761029a1910907735,2020-12,City of London Police,City of London Police,-0.102930,51.518375,On or near West Smithfield,E01032740,City of London 001G,Violence and sexual offences,Investigation complete; no suspect identified,
17a2c1ff22e874b3406df9c93a77960edc9142ec01ffb277ba2929ee1573888b,2020-12,City of London Police,City of London Police,-0.110710,51.513914,On or near Fleet Street,E01032740,City of London 001G,Violence and sexual offences,Unable to prosecute suspect,
c4419b663298f2dd1a80e5085e203d6b2f040744325e288fd8875e252386f8a7,2020-12,City of London Police,City of London Police,-0.106680,51.515882,On or near Parking Area,E01032740,City of London 001G,Violence and sexual offences,Status update unavailable,
b57f1bd9a13490a5249a0f4ca05d1bc1a9bd402e3b9aa7c384565e777b4e8285,2020-12,City of London Police,City of London Police,-0.104887,51.516347,On or near Farringdon Street,E01032740,City of London 001G,Violence and sexual offences,Investigation complete; no suspect identified,
959da792c50be39264baba166742ea8fa841d0c68e2b29d4648d82d9dc6a2d89,2020-12,City of London Police,City of London Police,-0.105900,51.516966,On or near Plumtree Court,E01032740,City of London 001G,Violence and sexual offences,Investigation complete; no suspect identified,
fba4480a2035628ce9d30e9373d2ba9475cc1b91c9b362850ba1c2fe6df32ea7,2020-12,City of London Police,City of London Police,-0.105134,51.513869,On or near Bride Lane,E01032740,City of London 001G,Violence and sexual offences,Status update unavailable,
0d9da2ee0d49839b7f73b74fe967e82394a70e8fffbb652951e0cab8f2dafc5d,2020-12,City of London Police,City of London Police,-0.104134,51.514699,On or near Old Seacoal Lane,E01032740,City of London 001G,Violence and sexual offences,Local resolution,
7a09e355e045800012e6ead7792f5c0425abc8febb8b3782f1b0c0aa7767d168,2020-12,City of London Police,City of London Police,-0.101345,51.518709,On or near Parking Area,E01032740,City of London 001G,Violence and sexual offences,Investigation complete; no suspect identified,
2c8f2e0d0f03e8e7dbfdacbaee7c690320419800e9006f2cae50e32abf21a45b,2020-12,City of London Police,City of London Police,-0.103419,51.514921,On or near Limeburner Lane,E01032740,City of London 001G,Other crime,Action to be taken by another organisation,
09e8d8c41e464bc8e57e412f5633e9d6e30ee77ab5f55ddabf76ab2af88461d8,2020-12,City of London Police,City of London Police,-0.097210,51.523156,On or near Baltic Street West,E01033490,Islington 022H,Theft from the person,Investigation complete; no suspect identified,
a78c17d7896859022ad9278461bed2ac4b101c4b7eb63ac8ddf3f3aeacc2f5c5,2020-12,City of London Police,City of London Police,-0.091732,51.521080,On or near Nightclub,E01002704,Islington 023D,Theft from the person,Investigation complete; no suspect identified,
6f3444d854022a089f400586ef0d4734679b3f186f1446c7ab8fa8fbb7d5a9f2,2020-12,City of London Police,City of London Police,-0.094959,51.522868,On or near Golden Lane,E01002706,Islington 023E,Violence and sexual offences,Action to be taken by another organisation,
2ddd1cc0a71f67b4c5c14e9a2f466a1306540ed237cdc5cf9e9c4761274dadfe,2020-12,City of London Police,City of London Police,-0.094959,51.522868,On or near Golden Lane,E01002706,Islington 023E,Violence and sexual offences,Action to be taken by another organisation,
586427626550e1617710566fa9a699d7326e5396f5e2a8d9c658eb1addc93b03,2020-12,City of London Police,City of London Police,-0.076335,51.503356,On or near Horselydown Lane,E01032640,Southwark 003H,Violence and sexual offences,Unable to prosecute suspect,
9209f804a756bb19f14382a22457ba324b63ac2f9e68a4f8ff7f7c212228ccd4,2020-12,City of London Police,City of London Police,-0.057321,51.534382,On or near Mare Street,E01004197,Tower Hamlets 002A,Drugs,Formal action is not in the public interest,
1efd8558fec7b4971791749c726728c98a87b7e8e811249a29ffa75b39c8fafb,2020-12,City of London Police,City of London Police,-0.079080,51.519615,On or near Bishopsgate,E01004307,Tower Hamlets 015B,Criminal damage and arson,Investigation complete; no suspect identified,
1eee9e7a79424590930f6caac8d18cb3666bc29001630cebcaa989afd4cb63a0,2020-12,City of London Police,City of London Police,-0.078718,51.521038,On or near Norton Folgate,E01004307,Tower Hamlets 015B,Drugs,Court result unavailable,
2189f948435dc0cb056d65afcf9d5e036c6763d028b5728dc01ff788dd0ee23b,2020-12,City of London Police,City of London Police,-0.076067,51.516894,On or near Leyden Street,E01004307,Tower Hamlets 015B,Drugs,Investigation complete; no suspect identified,
c76df7e6c04410639152bcb212e1a67aabeee5d8614d0904878986c7ec0b0269,2020-12,City of London Police,City of London Police,-0.076067,51.516894,On or near Leyden Street,E01004307,Tower Hamlets 015B,Possession of weapons,Investigation complete; no suspect identified,
1f0212724be61f8e8375964da60ae1221e1912830a6302c6786fdf9b4a718892,2020-12,City of London Police,City of London Police,-0.076384,51.518617,On or near Crispin Street,E01004307,Tower Hamlets 015B,Robbery,Investigation complete; no suspect identified,
270ce39b511299d619322426dfa70a9ac7d3462c88570475b4c82de7f3697575,2020-12,City of London Police,City of London Police,-0.076716,51.521671,On or near Fleur De Lis Street,E01004307,Tower Hamlets 015B,Violence and sexual offences,Status update unavailable,
d426bb8b013f8ebfa6b8ad06fece87b7870e123a86bd8ea73c20b96d6ae3e6cd,2020-12,City of London Police,City of London Police,-0.068161,51.509930,On or near Dock Street,E01004294,Tower Hamlets 026B,Drugs,Offender given a drugs possession warning,
ca15aba9d51c3aaf16f0a11a944bcef3e002e82e50a65ebd09e195de3e881833,2020-12,City of London Police,City of London Police,-0.068816,51.510786,On or near Cable Street,E01004294,Tower Hamlets 026B,Other crime,Formal action is not in the public interest,
,2020-12,City of London Police,City of London Police,-0.079130,51.507808,On or near Ferry Terminal,E01004293,Tower Hamlets 027B,Anti-social behaviour,,
4bdfd606289f324819a635beed14985f7c330861259370d1d427db4c7469328d,2020-12,City of London Police,City of London Police,-0.074901,51.506255,On or near A100,E01004293,Tower Hamlets 027B,Drugs,Offender given penalty notice,
3a753d48ae9c171106522d48a05db5d9e665ecafdf1fcf3b43f4faf1dc5b2011,2020-12,City of London Police,City of London Police,-0.074901,51.506255,On or near A100,E01004293,Tower Hamlets 027B,Drugs,Status update unavailable,
0458452a7ff166a14c45ee4cbb5a3909e2ff12a9581e267e656c514b1bc13653,2020-12,City of London Police,City of London Police,-0.074901,51.506255,On or near A100,E01004293,Tower Hamlets 027B,Drugs,Status update unavailable,
50b60266725a9d0f463ce347c54c0a66d8ff055386eeafddd345290a428c398f,2020-12,City of London Police,City of London Police,-0.074901,51.506255,On or near A100,E01004293,Tower Hamlets 027B,Other theft,Investigation complete; no suspect identified,
461e3ee6085fb0b7e77d7c5aea4d90567b2d5bc15c2cd3be45edb7f9e104d6db,2020-12,City of London Police,City of London Police,-0.078779,51.508971,On or near Gloucester Court,E01004293,Tower Hamlets 027B,Robbery,Investigation complete; no suspect identified,
70da9bbcf31b1fb229dcbb1ff63947b0897f9a1d89eb23da7fa11e1b358cca86,2020-12,City of London Police,City of London Police,-0.079130,51.507808,On or near Ferry Terminal,E01004293,Tower Hamlets 027B,Violence and sexual offences,Unable to prosecute suspect,
81ca9eb24303d35d2e84f123c15426647b377a55c1d381bfedf9b6b96280e350,2020-12,City of London Police,City of London Police,-0.079130,51.507808,On or near Ferry Terminal,E01004293,Tower Hamlets 027B,Violence and sexual offences,Awaiting court outcome,
bc4ea1239a9a8e89e2987347a2fc8adce735394c74093fded53ae2ea20a14d44,2020-12,City of London Police,City of London Police,-0.079130,51.507808,On or near Ferry Terminal,E01004293,Tower Hamlets 027B,Violence and sexual offences,Unable to prosecute suspect,
3a14e7412c8c5b250feb73e5451422445345e425fe1650293b39f67df10296d0,2020-12,City of London Police,City of London Police,-0.026283,51.506895,On or near Ontario Way,E01004277,Tower Hamlets 033A,Bicycle theft,Status update unavailable,
,2020-12,City of London Police,City of London Police,-0.111974,51.513683,On or near Fleet Street,E01004735,Westminster 018B,Anti-social behaviour,,
,2020-12,City of London Police,City of London Police,,,No Location,,,Anti-social behaviour,,
,2020-12,City of London Police,City of London Police,,,No Location,,,Anti-social behaviour,,
,2020-12,City of London Police,City of London Police,,,No Location,,,Anti-social behaviour,,
,2020-12,City of London Police,City of London Police,,,No Location,,,Anti-social behaviour,,
,2020-12,City of London Police,City of London Police,,,No Location,,,Anti-social behaviour,,
,2020-12,City of London Police,City of London Police,,,No Location,,,Anti-social behaviour,,
,2020-12,City of London Police,City of London Police,,,No Location,,,Anti-social behaviour,,
,2020-12,City of London Police,City of London Police,,,No Location,,,Anti-social behaviour,,
,2020-12,City of London Police,City of London Police,,,No Location,,,Anti-social behaviour,,
9a29c3c7c501ab2376fa9d26900a3403ebb163376e505d17da5711dbdcdb3ea9,2020-12,City of London Police,City of London Police,,,No Location,,,Burglary,Investigation complete; no suspect identified,
cb2d4f1ca959120a91fa8505a144d6ef24912a42dbed251c8bad04e8b20d8e3c,2020-12,City of London Police,City of London Police,,,No Location,,,Burglary,Status update unavailable,
43ae95e5d544efb7a5a7d2271327ce9a494dee3a84755afc9d0e648b97fd1111,2020-12,City of London Police,City of London Police,,,No Location,,,Drugs,Offender given a drugs possession warning,
49bba600207c8899adc7066ea77d01b0a0c850962d77759968e06ed5aae21740,2020-12,City of London Police,City of London Police,,,No Location,,,Drugs,Offender given a caution,
26e912d9d3cad00be5bf9a097772478baab236b78d0aa6abdef986ee83127512,2020-12,City of London Police,City of London Police,,,No Location,,,Drugs,Offender given a drugs possession warning,
9a1a119cfa7f1578811ede500254a5ce3adf4cd936ccbde1cbe7817fbdad83cf,2020-12,City of London Police,City of London Police,,,No Location,,,Drugs,Offender given a drugs possession warning,
3b1422cda7f3c94c7ac46ebe281b101e62031f5ea7bedbea3ae2c71d8c21396a,2020-12,City of London Police,City of London Police,,,No Location,,,Drugs,Status update unavailable,
09ef935b81239db895995bf9df8fc03f550223dc022bd75eeee0a876dd3bbf09,2020-12,City of London Police,City of London Police,,,No Location,,,Drugs,Awaiting court outcome,
2698b841bd5adbc172071de906c2f3562c70823988f937aa3ed7a1aa251f6780,2020-12,City of London Police,City of London Police,,,No Location,,,Drugs,Status update unavailable,
4c074d2ae4ab5b98292ef13e4f324a7532f06a5c6aedc1555e48de0558529a1b,2020-12,City of London Police,City of London Police,,,No Location,,,Drugs,Status update unavailable,
2e838a11c0eb2e71023188bec6e24b60081a6adf6149a0b80be64c429683eba4,2020-12,City of London Police,City of London Police,,,No Location,,,Public order,Status update unavailable,
f15a8025c4216782afcb2aad3329b3b71661597d2991532a8f7e5cce3f1dbbde,2020-12,City of London Police,City of London Police,,,No Location,,,Public order,Status update unavailable,
3eba52b38e99792167af884ef4b7a78b2a22934670e6e771fa0230ddf3f37ba8,2020-12,City of London Police,City of London Police,,,No Location,,,Public order,Status update unavailable,
6b1ccecd8582daa50788030faefd58586e2bfce6a9e7fd61e8d148616643854b,2020-12,City of London Police,City of London Police,,,No Location,,,Robbery,Investigation complete; no suspect identified,
cc4564e636a9938290687d8708f7ee8df4c6d447145ef01d53263e2ed137d145,2020-12,City of London Police,City of London Police,,,No Location,,,Shoplifting,Unable to prosecute suspect,
2fa80155e402bc876d552dd6c3fa67c17d335211a260d0ab84fd17ad284c3b73,2020-12,City of London Police,City of London Police,,,No Location,,,Vehicle crime,Investigation complete; no suspect identified,
04f50a88ab151ec45510930b78b94b352157e711f65c2b12d8d8337f5c32704f,2020-12,City of London Police,City of London Police,,,No Location,,,Vehicle crime,Investigation complete; no suspect identified,
81913ca968907b182649c083f0521407771e2c7588ea1724b23c66d1413897b7,2020-12,City of London Police,City of London Police,,,No Location,,,Violence and sexual offences,Unable to prosecute suspect,
e738e0dd66b70924787bfefeb0f2f1b43cbd636336fe3462fec34c6f20f659ae,2020-12,City of London Police,City of London Police,,,No Location,,,Violence and sexual offences,Status update unavailable,
d5225353f33803241c99b3908e0c838066e6cf6043c9ec4098e1b1effa8a878d,2020-12,City of London Police,City of London Police,,,No Location,,,Violence and sexual offences,Investigation complete; no suspect identified,
9f0038c38555065fed52845b29de31de6889fe020f42745d5881beede1a09f12,2020-12,City of London Police,City of London Police,,,No Location,,,Other crime,Status update unavailable,
04b155f1270db053f46dfad26bf11e662f40e6c1b38be37a006bd0e80f40f948,2020-12,City of London Police,City of London Police,,,No Location,,,Other crime,Status update unavailable,
47eae7581e8cb1421e9ccbf031d83e8c0fd33fef32c7bcfdc20134f359439ccc,2020-12,City of London Police,City of London Police,,,No Location,,,Other crime,Action to be taken by another organisation,
dc40f1c00c525d21c042d520588b59fbe533b512b3e95d676b28d25c47b35694,2020-12,City of London Police,City of London Police,,,No Location,,,Other crime,Unable to prosecute suspect,
8730c868be02f193fd278c00abc307ed126dffe85c41f190fa6ba2bbe774db23,2020-12,City of London Police,City of London Police,,,No Location,,,Other crime,Offender given a caution,
de00402738b9b33ab423cba4c86af9847865ff9827c8260cb55da2cfc91d540f,2020-12,City of London Police,City of London Police,,,No Location,,,Other crime,Status update unavailable,
aeafcefd70fdae826b7ac4bfc1ed7580b115c32f8dc0b886a4f27e314c56fdcc,2020-12,City of London Police,City of London Police,,,No Location,,,Other crime,Unable to prosecute suspect,
